date,close,open,high,low,volu,e%
20210310,597.0,601.0,601.0,593.0,111.7,	-4.57%
20210310,597.0,601.0,601.0,593.0,43.01,	1.60%
20210309,595.0,585.0,595.0,585.0,65.763,	-2.5%
20210308,598.0,608.0,610.0,598.0,258.0,	-1.38%
20210305,601.0,588.0,605.0,584.0,114.0, 1.84%
20210304,601.0,609.0,611.0,601.0,51.65,	-1.21%
20210303,622.0,609.0,622.0,601.0,53.87,	-0.45%
20210302,609.0,621.0,622.0,609.0,109.49,	4.91%
2021-2-26,606.0,611.0,628.0,610.0,57.35,	0.80%
2021-2-25,635.0,636.0,636.0,628.0,47.01,	-0.48%
2021-2-24,625.0,627.0,636.0,625.0,49.63,	-0.32%
2021-2-23,641.0,641.0,643.0,633.0,79.98,	3.44%
2021-2-22,650.0,660.0,662.0,650.0,68.88,	3.38%
2021-2-19,652.0,656.0,657.0,647.0,96.88,	-1.66%
2021-2-18,660.0,664.0,665.0,656.0,100.0,	-2.28%
2021-2-17,663.0,663.0,668.0,660.0,61.49,	-0.32%
2021-2-5,632.0,638.0,641.0,631.0,104.36,	-2.53%
2021-2-4,627.0,626.0,632.0,620.0,96.64,	-2.47%
2021-2-3,630.0,638.0,642.0,630.0,134.24,	-3.57%
2021-2-2,632.0,629.0,638.0,622.0,91.91,	4.02%
2021-2-1,611.0,595.0,612.0,587.0,84.45,	3.19%
2021-1-29,591.0,619.0,619.0,591.0,51.68,	3.29%
2021-1-28,601.0,600.0,608.0,598.0,46.62,	1.00%
2021-1-27,615.0,618.0,625.0,611.0,101.0,	1.52%
2021-1-26,617.0,632.0,640.0,610.0,78.29,	-2.15%
2021-1-25,633.0,642.0,646.0,626.0,63.96,	2.37%
2021-1-22,649.0,649.0,665.0,649.0,51.49,	1.20%
2021-1-21,673.0,640.0,679.0,640.0,49.82,	0.69%
2021-1-20,647.0,633.0,650.0,631.0,62.96,	2.65%
2021-1-19,627.0,618.0,632.0,613.0,51.94,	2.91%
2021-1-18,607.0,608.0,608.0,594.0,54.12,	1.29%
2021-1-15,601.0,621.0,625.0,601.0,34.84,	1.12%
2021-1-14,592.0,587.0,597.0,587.0,39.31,	1.13%
2021-1-13,605.0,595.0,605.0,593.0,31.17,	0.95%
2021-1-12,591.0,583.0,597.0,582.0,46.71,	1.94%
2021-1-11,584.0,577.0,584.0,574.0,20.15,	0.00%
2021-1-8,580.0,580.0,580.0,571.0,19.26,	0.78%
2021-1-7,565.0,554.0,570.0,553.0,12.58,	0.20%
2021-1-6,549.0,555.0,555.0,541.0,15.1,	0.20%
2021-1-5,542.0,536.0,542.0,535.0,18.32,	0.00%
2021-1-4,536.0,530.0,540.0,528.0,22.85,	-1.36%
2020-12-31,530.0,526.0,530.0,524.0,35.05,	1.18%
2020-12-30,525.0,516.0,525.0,514.0,40.63,	0.39%
2020-12-29,515.0,515.0,517.0,513.0,38.71,	-0.78%
2020-12-28,515.0,512.0,515.0,509.0,52.27,	1.59%
2020-12-25,511.0,514.0,515.0,510.0,40.84,	-0.79%
2020-12-24,510.0,511.0,512.0,508.0,30.81,	-1.55%
2020-12-23,509.0,508.0,511.0,506.0,51.3,	0.78%
2020-12-22,509.0,512.0,516.0,509.0,43.51,	-1.54%
2020-12-21,516.0,512.0,517.0,508.0,43.87,	-0.76%
2020-12-18,510.0,508.0,512.0,507.0,41.29,	1.95%
2020-12-17,508.0,515.0,515.0,508.0,44.74,	2.19%
2020-12-16,512.0,509.0,515.0,507.0,54.47,	1.21%
2020-12-15,504.0,507.0,510.0,504.0,35.96,	-0.40%
2020-12-14,508.0,512.0,513.0,508.0,50.95,	1.84%
2020-12-11,516.0,517.0,517.0,505.0,37.35,	1.98%
2020-12-10,512.0,511.0,515.0,510.0,149.31,	-1.74%
2020-12-9,520.0,521.0,524.0,520.0,35.2,	0.00%
2020-12-8,524.0,514.0,525.0,509.0,31.84,	0.41%
2020-12-7,514.0,512.0,515.0,506.0,42.07,	-1.02%
2020-12-4,503.0,498.5,505.0,497.5,36.13,	-0.91%
2020-12-3,497.0,499.5,499.5,495.0,38.37,	1.74%
2020-12-2,499.0,499.5,500.0,493.5,35.24,	-0.41%
2020-12-1,490.0,489.5,490.0,483.5,44.87,	-1.41%
2020-11-30,480.5,493.0,493.5,480.5,50.88,	2.37%
2020-11-27,489.0,487.5,492.0,486.5,73.54,	0.31%
2020-11-26,489.0,489.0,493.5,488.0,82.79,	4.76%
2020-11-25,487.0,495.0,495.5,487.0,31.48,	0.87%
2020-11-24,492.0,499.5,500.0,491.5,40.41,	0.22%
2020-11-23,496.5,494.5,498.5,492.0,36.94,	1.33%
2020-11-20,488.0,486.0,490.0,486.0,35.26,	-1.64%
2020-11-19,490.0,499.0,499.0,490.0,39.57,	1.33%
2020-11-18,497.0,490.0,497.0,486.5,32.64,	0.78%
2020-11-17,485.5,502.0,506.0,485.5,30.19,	-0.22%
2020-11-16,484.0,470.0,484.5,469.0,37.84,	2.04%
2020-11-13,462.0,459.0,462.0,456.5,30.55,	1.26%
2020-11-12,458.0,463.0,463.5,457.5,34.19,	0.81%
2020-11-11,457.0,448.5,457.0,448.5,49.77,	-1.14%
2020-11-10,451.0,452.0,454.5,448.5,42.33,	-1.58%
2020-11-9,458.5,458.0,460.0,454.0,25.52,	-0.67%
2020-11-6,452.5,455.0,455.5,450.0,20.67,	-0.67%
2020-11-5,449.0,451.0,451.0,445.5,15.33,	-0.44%
2020-11-4,450.0,444.5,451.5,443.0,18.78,	-0.66%
2020-11-3,441.0,439.5,443.0,438.0,23.44,	0.44%
2020-11-2,435.5,433.0,435.5,428.0,28.06,	0.44%
2020-10-30,432.0,437.0,437.0,432.0,25.21,	-1.42%
2020-10-29,437.0,436.5,439.5,435.5,34.47,	1.89%
2020-10-28,444.0,445.0,447.0,443.0,48.27,	-0.88%
2020-10-27,447.0,447.5,448.5,445.5,47.78,	-1.31%
2020-10-26,450.0,455.0,455.0,450.0,40.81,	-0.65%
2020-10-23,452.0,458.0,458.0,451.5,45.75,	0.43%
2020-10-22,455.0,450.0,455.0,449.5,64.72,	1.55%
2020-10-21,453.0,453.5,456.0,451.0,60.85,	2.26%
2020-10-20,451.0,455.5,457.0,451.0,42.93,	0.80%
2020-10-19,457.5,453.0,457.5,451.0,35.78,	1.62%
2020-10-16,449.0,451.0,456.0,448.5,32.95,	-0.12%
2020-10-15,453.0,456.0,456.5,450.0,28.86,	0.46%
2020-10-14,459.0,460.5,461.0,457.0,32.23,	-0.12%
2020-10-13,462.0,465.0,465.0,456.5,34.16,	1.77%
2020-10-12,460.0,458.0,462.0,457.5,41.26,	0.24%
2020-10-8,453.0,450.0,454.0,448.5,79.81,	-2.42%
2020-10-7,443.0,435.0,445.0,435.0,45.71,	-0.80%
2020-10-6,439.5,441.5,442.0,437.5,36.13,	-0.68%
2020-10-5,432.5,438.0,438.0,431.5,39.46,	-0.90%
2020-9-30,433.0,430.5,435.0,430.5,53.0,	-1.00%
2020-9-29,431.0,432.5,435.0,428.0,42.06,	-2.07%
2020-9-28,431.5,427.0,431.5,424.5,64.26,	2.92%
2020-9-25,424.0,427.0,428.0,421.0,39.06,	0.91%
2020-9-24,423.0,425.5,429.0,423.0,39.09,	1.03%
2020-9-23,433.5,436.0,438.5,432.0,34.89,	0.34%
2020-9-22,437.0,440.0,441.0,436.0,35.1,	1.87%
2020-9-21,440.0,443.5,450.0,440.0,40.55,	-0.93%
2020-9-18,444.0,447.0,449.5,443.0,23.71,	1.17%
2020-9-17,448.5,453.0,455.0,446.5,32.02,	-0.70%
2020-9-16,458.0,460.0,462.0,455.5,51.35,	-1.61%
2020-9-15,445.0,440.5,447.0,439.5,34.95,	0.69%
2020-9-14,441.0,436.0,442.0,435.5,34.87,	-0.46%
2020-9-11,436.5,435.5,436.5,432.5,37.43,	1.99%
2020-9-10,435.0,432.5,435.0,430.5,81.48,	-1.95%
2020-9-9,427.0,425.0,428.0,423.0,57.04,	-2.03%
2020-9-8,431.0,428.0,433.0,427.5,53.07,	0.45%
2020-9-7,426.0,428.0,432.5,425.0,39.24,	1.73%
2020-9-4,429.0,427.0,432.5,427.0,35.98,	1.52%
2020-9-3,436.0,439.5,439.5,433.5,48.38,	0.82%
2020-9-2,433.0,441.0,441.0,430.5,41.96,	2.29%
2020-9-1,435.0,430.0,435.0,428.0,75.16,	-2.92%
2020-8-31,426.5,437.0,439.5,426.5,31.49,	-1.27%
2020-8-28,435.0,440.0,440.5,431.0,41.64,	-0.46%
2020-8-27,444.0,448.0,453.5,444.0,34.14,	1.87%
2020-8-26,442.0,435.5,442.0,435.0,24.26,	-0.47%
2020-8-25,434.5,433.5,436.0,430.5,44.35,	2.39%
2020-8-24,428.0,427.5,434.5,425.0,52.14,	-2.33%
2020-8-21,424.5,421.5,427.0,420.0,34.55,	-1.49%
2020-8-20,415.0,427.0,427.5,401.0,36.07,	0.58%
2020-8-19,427.5,436.0,436.5,427.5,37.61,	-0.46%
2020-8-18,433.0,440.0,440.5,432.0,41.03,	1.40%
2020-8-17,435.0,427.0,435.0,425.5,47.22,	0.82%
2020-8-14,427.0,424.0,428.0,423.0,41.22,	2.28%
2020-8-13,429.0,428.0,429.0,424.5,76.43,	-2.23%
2020-8-12,419.0,422.0,423.5,419.0,50.48,	-1.96%
2020-8-11,429.0,432.0,435.0,429.0,69.29,	2.84%
2020-8-10,435.5,427.5,437.5,427.5,85.66,	-2.99%
2020-8-7,433.0,433.5,434.0,428.0,166.31,	2.47%
2020-8-6,435.0,437.5,438.0,431.0,99.33,	9.97%
2020-8-5,429.0,430.5,433.5,426.0,90.99,	1.18%
2020-8-4,425.5,421.5,425.5,418.5,45.21,	-0.65%
2020-8-3,416.0,420.5,424.0,415.0,43.76,	0.26%
2020-7-31,425.5,426.0,432.0,425.5,64.22,	4.64%
2020-7-30,434.0,436.5,441.0,428.5,42.77,	-0.27%
2020-7-29,422.0,428.0,431.5,419.5,66.4,	2.66%
2020-7-28,435.0,464.0,466.5,428.5,68.22,	-1.52%
2020-7-27,424.5,420.5,424.5,416.5,73.44,	-0.14%
2020-7-24,386.0,390.0,395.0,382.0,61.76,	2.54%
2020-7-23,381.5,382.0,383.0,379.0,48.07,	1.72%
2020-7-22,384.0,381.0,386.0,379.0,60.9,	1.01%
2020-7-21,383.0,372.5,387.0,371.5,35.52,	1.17%
2020-7-20,366.0,370.0,370.0,362.5,30.72,	0.74%
2020-7-17,367.0,361.0,369.0,360.0,59.05,	0.15%
2020-7-16,357.5,359.0,361.0,353.5,57.26,	2.58%
2020-7-15,363.0,366.0,370.0,361.0,55.66,	2.33%
2020-7-14,363.5,355.0,364.0,354.5,34.53,	1.42%
2020-7-13,354.5,351.0,354.5,350.5,29.53,	1.44%
2020-7-10,348.5,352.5,353.0,345.5,48.99,	0.32%
2020-7-9,345.0,346.0,347.0,343.0,56.58,	-1.73%
2020-7-8,341.0,337.5,342.5,337.5,55.46,	0.79%
2020-7-7,338.5,343.5,346.0,338.0,41.3,	0.96%
2020-7-6,338.0,332.5,338.0,332.0,37.37,	-0.79%
2020-7-3,329.5,327.0,330.5,326.5,48.13,	0.00%
2020-7-2,322.0,319.0,322.0,318.0,29.04,	-0.16%
2020-7-1,317.5,315.0,318.0,314.0,34.52,	0.00%
2020-6-30,313.0,313.5,314.0,311.0,40.73,	1.78%
2020-6-29,312.0,314.0,315.0,310.0,51.03,	-2.06%
2020-6-24,317.5,319.0,320.0,316.0,46.97,	-1.40%
2020-6-23,315.0,316.0,316.5,312.5,50.1,	-0.62%
2020-6-22,312.0,314.5,316.5,312.0,39.98,	1.10%
2020-6-19,314.5,314.0,314.5,312.0,36.42,	0.31%
2020-6-18,314.5,314.5,315.0,313.0,50.3,	2.09%
2020-6-17,315.0,316.5,317.0,313.5,44.08,	1.80%
2020-6-16,315.0,317.0,317.0,314.0,46.57,	1.66%
2020-6-15,309.5,316.0,317.5,308.5,65.18,	1.52%
2020-6-12,316.0,313.0,317.5,312.5,24.77,	0.34%
2020-6-11,320.5,325.5,327.0,318.5,35.81,	1.20%
2020-6-10,322.5,319.0,324.0,318.0,96.61,	-0.68%
2020-6-9,319.0,316.5,319.0,314.0,28.44,	-0.84%
2020-6-8,318.0,316.0,319.0,315.0,23.38,	0.34%
2020-6-5,311.5,308.5,312.0,308.0,33.86,	1.20%
2020-6-4,306.0,305.0,306.0,304.0,26.8,	0.00%
2020-6-3,301.0,300.0,301.0,298.0,41.14,	-1.85%
2020-6-2,296.5,296.0,297.5,296.0,31.0,	1.19%
2020-6-1,295.5,294.0,296.5,293.5,32.68,	0.86%
2020-5-29,292.0,292.0,292.5,290.0,51.25,	0.52%
2020-5-28,294.0,298.5,298.5,293.0,84.99,	-2.68%
2020-5-27,296.5,297.0,298.0,295.5,44.3,	1.71%
2020-5-26,295.5,295.0,297.5,293.5,34.32,	-1.35%
2020-5-25,292.0,290.5,293.0,288.5,26.16,	0.68%
2020-5-22,292.0,294.5,295.0,291.0,52.49,	-1.99%
2020-5-21,297.5,296.0,298.0,295.0,32.38,	1.18%
2020-5-20,294.0,293.0,294.0,291.0,35.61,	0.00%
2020-5-19,291.5,294.0,294.0,291.5,28.02,	0.51%
2020-5-18,290.0,291.0,293.5,290.0,35.7,	0.17%
2020-5-15,298.0,297.5,298.5,294.5,23.99,	0.17%
2020-5-14,293.0,293.0,295.0,292.5,72.25,	-3.12%
2020-5-13,297.0,293.0,297.0,292.5,58.44,	1.84%
2020-5-12,295.0,297.5,298.5,295.0,46.25,	0.84%
2020-5-11,301.0,300.0,301.5,298.5,37.62,	-0.50%
2020-5-8,297.5,300.0,300.0,296.0,38.49,	1.36%
2020-5-7,297.5,294.5,299.0,294.5,26.47,	-0.51%
2020-5-6,296.0,294.5,296.0,292.5,39.98,	0.51%
2020-5-5,295.5,296.5,298.0,295.0,43.57,	-0.34%
2020-5-4,295.0,294.5,296.5,294.0,61.95,	-2.96%
2020-4-30,304.5,302.0,305.0,301.5,44.59,	-0.82%
2020-4-29,299.0,299.0,301.5,298.0,117.45,	6.98%
2020-4-28,296.5,298.5,298.5,294.5,48.26,	-0.35%
2020-4-27,298.0,298.0,298.5,296.0,58.56,	0.88%
2020-4-24,294.0,295.5,297.0,294.0,50.2,	2.33%
2020-4-23,295.5,300.0,300.0,294.0,22.2,	-0.36%
2020-4-22,294.0,294.5,295.0,290.5,28.21,	-1.24%
2020-4-21,295.0,300.5,301.5,293.5,29.28,	-0.70%
2020-4-20,304.0,308.0,309.0,302.5,38.7,	0.71%
2020-4-17,306.5,303.5,308.5,300.5,48.89,	2.72%
2020-4-16,286.5,283.0,288.5,283.0,59.71,	1.47%
2020-4-15,287.5,287.0,288.5,286.0,47.57,	-0.91%
2020-4-14,285.0,281.0,285.5,280.0,53.9,	2.43%
2020-4-13,278.5,278.5,281.5,278.5,53.4,	-2.01%
2020-4-10,279.5,280.0,282.0,279.0,69.32,	-2.50%
2020-4-9,283.0,287.5,288.0,282.5,52.85,	1.08%
2020-4-8,285.0,285.0,285.5,283.0,79.45,	3.55%
2020-4-7,283.0,283.5,284.0,280.5,81.95,	4.90%
2020-4-6,275.5,273.0,275.5,270.0,76.47,	-5.56%
2020-4-1,271.5,276.5,276.5,271.5,159.18,	8.87%
2020-3-31,274.0,273.0,274.0,269.5,160.81,	-4.62%
2020-3-30,267.5,263.5,269.0,262.5,118.62,	-2.99%
2020-3-27,273.0,284.0,286.0,273.0,122.41,	-3.07%
2020-3-26,280.0,279.5,280.0,275.5,103.93,	-4.66%
2020-3-25,277.0,276.5,280.0,274.0,151.27,	-1.36%
2020-3-24,267.5,268.0,274.0,266.0,114.17,	-2.65%
2020-3-23,255.0,257.0,262.5,252.0,64.92,	-1.63%
2020-3-20,270.0,258.5,270.0,256.0,74.87,	0.49%
2020-3-19,248.0,252.0,253.0,235.5,88.63,	-3.02%
2020-3-18,260.0,269.5,272.5,260.0,52.81,	-2.48%
2020-3-17,268.0,265.0,276.5,265.0,38.22,	0.78%
2020-3-16,276.5,285.0,291.0,275.5,44.75,	0.94%
2020-3-13,290.0,275.0,294.0,272.5,55.17,	2.09%
2020-3-12,294.0,299.0,299.0,287.0,86.37,	-1.58%
2020-3-11,302.0,309.0,310.5,302.0,62.4,	-0.78%
2020-3-10,307.0,301.5,309.0,301.0,60.77,	-1.09%
2020-3-9,305.5,307.5,310.0,305.5,38.67,	0.63%
2020-3-6,315.0,320.0,320.5,315.0,42.95,	-1.54%
2020-3-5,323.0,325.0,326.0,323.0,22.97,	-0.15%
2020-3-4,320.5,322.0,322.0,317.0,27.06,	-0.31%
2020-3-3,317.5,318.5,320.0,316.0,48.86,	1.40%
2020-3-2,311.0,308.0,317.0,308.0,64.66,	-2.87%
2020-2-27,316.0,319.0,320.0,315.0,16.15,	-1.04%
2020-2-26,318.5,317.0,320.5,316.5,18.33,	0.00%
2020-2-25,322.0,320.0,323.5,317.5,23.22,	0.00%
2020-2-24,320.0,319.5,321.5,319.5,37.61,	1.06%
2020-2-21,325.0,325.5,326.5,323.0,29.06,	1.22%
2020-2-20,325.5,328.0,329.0,325.0,30.81,	-0.15%
2020-2-19,326.5,322.5,327.0,322.0,30.06,	-1.35%
2020-2-18,322.0,324.5,326.5,322.0,29.66,	1.53%
2020-2-17,331.5,331.5,333.0,330.5,36.6,	0.77%
2020-2-14,335.0,337.0,337.0,334.5,52.21,	3.17%
2020-2-13,335.0,338.0,338.0,335.0,59.71,	-1.56%
2020-2-12,335.0,333.5,336.0,333.0,62.91,	1.11%
2020-2-11,331.5,330.5,332.5,330.0,126.82,	-4.95%
2020-2-10,327.5,321.5,328.0,321.0,35.55,	0.00%
2020-2-7,328.0,330.0,330.5,326.0,53.91,	-0.45%
2020-2-6,332.5,329.5,332.5,329.0,58.22,	-1.62%
2020-2-5,327.5,329.0,329.5,324.5,54.58,	-1.73%
2020-2-4,325.0,319.0,326.0,318.0,30.37,	1.32%
2020-2-3,315.0,315.0,316.5,312.0,30.66,	0.59%
2020-1-31,320.0,323.0,323.5,319.0,27.88,	0.59%
2020-1-30,316.5,326.0,326.0,316.5,32.4,	2.43%
2020-1-20,333.0,334.0,335.5,333.0,37.91,	0.00%
2020-1-17,333.0,334.0,335.5,332.0,51.75,	-0.75%
2020-1-16,334.5,330.0,336.5,330.0,45.68,	-2.21%
2020-1-15,340.0,345.0,345.0,337.5,42.02,	0.15%
2020-1-14,346.0,345.5,346.0,344.5,33.28,	2.42%
2020-1-13,341.5,342.0,342.0,339.0,22.95,	-1.05%
2020-1-10,339.5,340.5,341.0,336.0,21.59,	-1.04%
2020-1-9,337.5,335.0,337.5,333.5,16.68,	1.50%
2020-1-8,329.5,325.0,333.0,325.0,11.43,	0.00%
2020-1-7,329.5,332.5,333.0,326.5,12.26,	0.30%
2020-1-6,332.0,333.0,334.5,332.0,13.78,	-0.60%
2020-1-3,339.5,344.0,345.0,335.5,26.91,	1.52%
2020-1-2,339.0,332.5,339.0,332.5,86.28,	-1.79%
2019-12-31,331.0,331.0,333.5,331.0,55.67,	-2.76%
2019-12-30,334.5,338.0,339.0,334.0,42.49,	-0.14%
2019-12-27,338.0,335.0,338.0,335.0,41.43,	2.68%
2019-12-26,333.0,333.0,334.0,331.5,48.34,	-0.88%
2019-12-25,333.0,332.0,334.5,331.0,60.84,	2.26%
2019-12-24,332.0,334.0,334.5,332.0,52.8,	3.92%
2019-12-23,334.0,329.5,334.0,329.5,34.33,	1.75%
2019-12-20,329.0,332.0,333.0,328.5,20.85,	-0.79%
2019-12-19,335.0,340.0,342.0,335.0,23.56,	0.96%
2019-12-18,344.5,341.5,345.0,341.5,18.4,	0.32%
2019-12-17,345.0,335.0,345.0,335.0,39.35,	1.96%
2019-12-16,336.0,336.5,338.5,336.0,34.91,	-0.33%
2019-12-13,339.0,340.0,343.0,338.0,27.69,	-0.16%
2019-12-12,331.5,325.0,334.5,324.0,25.52,	0.82%
2019-12-11,319.0,314.0,319.0,313.0,32.42,	-1.45%
2019-12-10,313.5,315.0,315.5,312.5,19.72,	-0.48%
2019-12-9,316.0,314.0,316.5,314.0,18.53,	1.30%
2019-12-6,313.0,315.0,316.0,311.0,101.92,	0.00%
2019-12-5,312.0,309.0,312.0,309.0,19.86,	-0.65%
2019-12-4,306.0,305.0,306.0,304.0,26.49,	-0.64%
2019-12-3,307.0,305.0,307.0,305.0,30.16,	-0.80%
2019-12-2,307.5,307.0,308.0,306.5,24.54,	-0.48%
2019-11-29,305.0,309.0,309.5,305.0,33.1,	1.29%
2019-11-28,309.5,310.0,312.0,308.5,18.74,	1.30%
2019-11-27,311.0,307.5,311.5,307.5,29.04,	1.15%
2019-11-26,307.0,310.0,310.5,307.0,15.73,	-0.16%
2019-11-25,307.0,310.5,310.5,307.0,18.42,	-0.33%
2019-11-22,309.0,310.0,310.5,308.0,19.02,	1.33%
2019-11-21,311.0,309.5,311.0,307.0,35.29,	-1.47%
2019-11-20,313.5,314.0,314.0,312.0,26.23,	-1.13%
2019-11-19,315.0,312.5,315.0,311.0,28.45,	-0.64%
2019-11-18,311.0,308.5,311.0,307.0,22.15,	0.16%
2019-11-15,307.0,305.5,307.5,304.5,32.25,	1.14%
2019-11-14,303.5,304.5,305.0,302.0,45.16,	2.68%
2019-11-13,304.0,303.0,304.0,301.5,30.22,	0.17%
2019-11-12,305.0,302.5,305.0,302.0,43.12,	-0.33%
2019-11-11,301.0,305.0,305.0,300.0,32.37,	0.34%
2019-11-8,305.5,308.5,309.0,305.5,37.13,	1.36%
2019-11-7,309.0,310.0,310.0,306.5,20.22,	0.34%
2019-11-6,311.0,309.0,311.5,308.0,25.08,	0.17%
2019-11-5,310.5,307.5,310.5,307.0,29.04,	0.00%
2019-11-4,307.0,302.5,308.0,301.0,30.38,	-0.34%
2019-11-1,299.0,299.5,299.5,296.5,26.53,	1.38%
2019-10-31,298.5,300.0,301.5,298.5,35.86,	-1.02%
2019-10-30,299.5,298.5,299.5,296.5,45.46,	-0.17%
2019-10-29,298.5,297.0,298.5,296.5,41.92,	-1.01%
2019-10-28,294.5,295.0,295.5,294.0,42.92,	1.02%
2019-10-25,293.5,294.5,294.5,292.5,54.75,	1.21%
2019-10-24,293.0,294.5,294.5,291.0,53.4,	2.84%
2019-10-23,293.0,293.5,293.5,290.5,34.9,	-1.57%
2019-10-22,294.0,292.5,294.0,291.5,39.87,	3.06%
2019-10-21,290.0,291.0,291.0,288.5,17.75,	0.54%
2019-10-18,293.0,293.0,295.5,291.0,35.81,	0.00%
2019-10-17,293.5,295.0,295.5,292.0,35.87,	-1.07%
2019-10-16,296.5,298.0,298.0,293.5,30.57,	-0.18%
2019-10-15,293.5,293.5,296.0,292.0,75.25,	2.94%
2019-10-14,290.0,291.5,291.5,288.5,44.24,	1.49%
2019-10-9,282.0,283.5,286.0,282.0,34.13,	0.75%
2019-10-8,286.5,283.5,286.5,282.5,23.24,	0.38%
2019-10-7,278.0,279.0,279.5,277.5,24.3,	0.38%
2019-10-4,276.5,279.5,280.0,275.0,14.22,	0.00%
2019-10-3,276.5,274.0,277.5,274.0,44.56,	-0.38%
2019-10-2,279.5,280.0,281.0,279.0,27.17,	-0.75%
2019-10-1,280.0,273.0,280.5,273.0,51.36,	0.75%
2019-9-27,272.0,271.5,272.5,271.0,30.07,	-0.19%
2019-9-26,268.0,269.0,269.5,266.5,38.91,	1.14%
2019-9-25,266.0,262.5,266.0,262.0,38.79,	-0.19%
2019-9-24,265.0,263.5,265.5,262.0,36.27,	0.57%
2019-9-23,264.0,264.0,264.0,263.0,30.02,	-1.32%
2019-9-20,264.0,266.0,266.5,264.0,17.32,	0.57%
2019-9-19,265.0,268.0,268.0,264.0,26.61,	0.19%
2019-9-18,267.0,267.0,269.5,266.5,49.04,	2.14%
2019-9-17,265.0,266.5,266.5,264.5,23.7,	1.38%
2019-9-16,265.5,262.0,265.5,261.5,26.09,	-1.36%
2019-9-12,262.5,265.0,265.0,261.5,14.78,	-0.58%
2019-9-11,263.0,264.0,264.5,260.5,35.3,	1.97%
2019-9-10,261.5,263.5,264.0,260.5,20.09,	0.79%
2019-9-9,265.0,265.5,266.0,263.5,15.28,	0.80%
2019-9-6,263.5,265.0,265.0,263.0,53.66,	0.60%
2019-9-5,263.0,263.0,263.0,260.5,31.74,	-2.17%
2019-9-4,257.5,254.0,258.0,254.0,14.77,	0.00%
2019-9-3,254.0,256.5,258.0,253.0,22.14,	-0.20%
2019-9-2,257.5,258.0,258.0,256.0,20.27,	0.00%
2019-8-30,259.0,256.5,259.0,256.0,20.62,	0.99%
2019-8-29,254.0,253.0,254.0,251.0,25.1,	0.80%
2019-8-28,252.0,250.5,253.0,250.5,25.7,	0.81%
2019-8-27,250.0,250.5,251.0,248.5,28.28,	-0.60%
2019-8-26,248.5,249.0,250.5,248.5,36.34,	1.22%
2019-8-23,254.0,253.5,254.5,253.0,25.05,	-1.79%
2019-8-22,254.0,257.0,257.5,254.0,24.73,	-0.99%
2019-8-21,254.5,254.5,255.0,253.0,30.14,	2.22%
2019-8-20,254.5,254.0,254.5,252.5,29.44,	-0.20%
2019-8-19,252.0,251.5,253.0,250.5,58.92,	0.81%
2019-8-16,250.0,249.5,252.0,248.0,52.84,	-1.99%
2019-8-15,248.0,247.0,248.5,246.0,54.17,	-1.95%
2019-8-14,249.5,252.5,254.0,249.5,30.11,	-1.16%
2019-8-13,246.5,249.0,249.5,246.5,36.37,	-0.19%
2019-8-12,251.0,254.5,254.5,251.0,22.9,	-0.38%
2019-8-8,253.5,248.0,254.0,248.0,18.47,	0.00%
2019-8-7,248.0,250.0,250.5,246.5,20.77,	-1.51%
2019-8-6,248.5,240.0,250.0,240.0,30.7,	0.00%
2019-8-5,246.5,251.0,252.0,245.5,24.51,	0.38%
2019-8-2,251.5,252.0,253.5,250.5,29.27,	0.00%
2019-8-1,256.5,257.5,257.5,255.5,31.86,	1.93%
2019-7-31,259.5,260.0,260.0,257.0,59.88,	1.97%
2019-7-30,260.0,262.5,263.0,260.0,20.91,	0.79%
2019-7-29,261.0,260.0,262.0,259.5,34.35,	-1.56%
2019-7-26,261.0,261.0,262.5,261.0,26.14,	0.59%
2019-7-25,265.0,264.0,265.0,261.5,34.26,	1.60%
2019-7-24,265.0,266.5,266.5,263.0,23.87,	0.20%
2019-7-23,264.0,265.5,266.5,262.5,31.3,	1.21%
2019-7-22,264.0,263.0,264.0,262.0,23.81,	2.07%
2019-7-19,259.0,259.5,261.0,259.0,16.54,	-0.21%
2019-7-18,254.0,252.0,254.5,251.5,29.19,	-0.21%
2019-7-17,252.0,254.0,254.0,251.0,27.32,	-0.41%
2019-7-16,256.0,254.0,256.5,253.5,18.69,	0.62%
2019-7-15,254.5,251.0,254.5,249.5,29.55,	-2.61%
2019-7-12,250.5,252.0,252.0,249.5,26.83,	0.20%
2019-7-11,250.0,250.0,250.0,247.5,66.37,	3.97%
2019-7-10,247.0,243.0,247.0,243.0,28.09,	-0.62%
2019-7-9,242.0,241.5,243.0,240.5,42.01,	2.56%
2019-7-8,242.5,240.0,244.5,240.0,28.77,	-1.68%
2019-7-5,243.0,244.5,245.0,241.5,29.74,	-1.04%
2019-7-4,244.0,244.5,245.0,242.5,43.46,	-3.02%
2019-7-3,242.5,244.0,245.0,242.0,62.14,	1.43%
2019-7-2,249.0,249.5,250.0,247.5,39.72,	0.41%
2019-7-1,248.5,245.5,250.0,245.0,50.23,	3.61%
2019-6-28,239.0,241.5,241.5,238.0,28.8,	1.07%
2019-6-27,240.5,236.0,241.5,236.0,51.69,	-1.27%
2019-6-26,234.5,235.0,236.5,234.0,35.4,	-1.67%
2019-6-25,238.5,241.0,241.5,237.0,33.73,	-2.44%
2019-6-24,241.0,241.0,242.0,240.0,30.41,	0.61%
2019-6-21,248.5,248.0,248.5,246.0,34.69,	1.88%
2019-6-20,245.0,242.0,245.5,241.0,35.52,	3.45%
2019-6-19,244.0,242.5,244.0,240.5,34.65,	-1.28%
2019-6-18,235.5,234.0,235.5,233.0,35.9,	0.86%
2019-6-17,233.0,231.5,235.0,230.5,24.44,	-2.10%
2019-6-14,236.0,238.5,239.5,236.0,36.69,	1.06%
2019-6-13,240.0,242.5,244.0,240.0,49.16,	1.95%
2019-6-12,246.0,244.5,247.5,243.0,40.38,	0.65%
2019-6-11,244.5,240.0,246.0,239.0,32.26,	-0.43%
2019-6-10,240.0,237.5,240.0,234.5,99.32,	-0.22%
2019-6-6,232.0,231.5,232.0,229.5,37.45,	-0.86%
2019-6-5,235.0,238.0,238.0,234.0,38.23,	1.30%
2019-6-4,233.0,237.5,238.0,233.0,62.26,	-3.36%
2019-6-3,238.0,235.5,238.5,232.0,36.29,	1.71%
2019-5-31,235.5,232.0,237.5,231.0,82.87,	-1.68%
2019-5-30,231.0,230.0,231.5,229.0,47.1,	-1.45%
2019-5-29,229.5,228.0,230.5,227.0,40.01,	-2.23%
2019-5-28,230.5,232.0,232.0,230.5,30.33,	-0.80%
2019-5-27,231.0,234.0,235.0,231.0,37.22,	0.20%
2019-5-24,233.0,230.0,234.0,230.0,45.62,	-0.80%
2019-5-23,230.0,233.5,233.5,230.0,29.32,	-2.15%
2019-5-22,238.0,236.5,240.5,235.5,18.87,	-0.19%
2019-5-21,234.0,233.5,236.0,232.5,34.17,	-1.35%
2019-5-20,238.0,242.5,243.0,238.0,25.9,	-0.95%
2019-5-17,241.5,249.0,249.0,241.5,25.69,	1.35%
2019-5-16,247.0,248.5,249.5,246.0,33.69,	-2.26%
2019-5-15,249.0,251.0,252.0,249.0,30.2,	2.32%
2019-5-14,248.5,247.5,251.0,245.0,27.38,	0.00%
2019-5-13,250.5,253.0,254.0,249.5,40.45,	-0.19%
2019-5-10,256.0,257.0,259.0,255.0,32.65,	-0.19%
2019-5-9,256.5,259.5,259.5,256.0,51.74,	-2.80%
2019-5-8,260.0,260.0,261.5,259.5,36.57,	-0.56%
2019-5-7,262.5,259.5,263.0,259.0,37.39,	0.37%
2019-5-6,259.0,260.0,260.0,258.0,26.25,	0.75%
2019-5-3,265.0,262.0,265.0,260.5,24.97,	0.57%
2019-5-2,259.0,261.5,262.5,258.5,47.7,	0.00%
2019-4-30,259.0,260.0,260.5,258.0,48.53,	1.15%
2019-4-29,259.5,260.0,262.0,258.5,39.04,	1.75%
2019-4-26,260.0,262.0,263.0,257.5,20.23,	0.59%
2019-4-25,267.5,268.5,269.0,267.0,17.26,	1.39%
2019-4-24,269.0,270.0,270.0,267.5,13.89,	0.00%
2019-4-23,268.0,266.5,268.0,266.0,25.15,	-0.79%
2019-4-22,266.0,266.5,267.5,265.0,33.17,	0.00%
2019-4-19,264.5,269.0,269.5,263.5,22.75,	0.40%
2019-4-18,264.5,264.0,266.0,263.5,46.43,	2.64%
2019-4-17,261.5,260.0,263.0,259.5,28.58,	0.20%
2019-4-16,257.0,257.0,257.0,255.5,25.19,	0.20%
2019-4-15,255.5,255.0,256.0,254.0,35.33,	0.00%
2019-4-12,252.0,251.5,253.0,251.0,31.02,	1.45%
2019-4-11,252.0,253.0,254.0,251.5,14.0,	0.21%
2019-4-10,254.0,253.0,254.5,252.0,23.62,	-1.02%
2019-4-9,254.0,253.0,254.0,252.0,21.05,	1.04%
2019-4-8,253.0,251.0,253.0,250.5,19.27,	-2.82%
2019-4-3,246.5,249.0,249.0,246.5,23.0,	1.22%
2019-4-2,246.0,249.5,249.5,246.0,27.51,	1.45%
2019-4-1,245.5,251.0,251.0,245.0,23.06,	0.62%
2019-3-29,245.5,243.0,245.5,240.5,14.62,	-0.21%
2019-3-28,242.0,240.5,242.5,240.0,27.04,	0.84%
2019-3-27,241.5,242.0,242.5,240.5,34.54,	1.92%
2019-3-26,244.0,243.0,244.0,241.0,17.28,	-1.05%
2019-3-25,241.5,240.5,243.5,240.5,22.49,	0.64%
2019-3-22,248.5,248.0,248.5,244.5,23.84,	2.17%
2019-3-21,245.5,242.5,245.5,241.0,34.28,	0.22%
2019-3-20,242.0,242.0,242.0,239.5,22.54,	-1.71%
2019-3-19,240.5,239.0,240.5,238.0,17.23,	0.00%
2019-3-18,241.0,239.5,241.0,239.0,20.81,	0.43%
2019-3-15,239.0,237.0,239.5,235.5,23.71,	-1.06%
2019-3-14,234.5,239.0,239.0,234.0,45.16,	-1.46%
2019-3-13,237.0,234.0,237.0,234.0,37.95,	-0.21%
2019-3-12,235.5,233.0,237.0,232.5,24.59,	0.63%
2019-3-11,230.5,228.0,230.5,227.5,25.23,	0.63%
2019-3-8,230.0,231.0,231.5,229.0,22.03,	0.00%
2019-3-7,234.0,235.0,235.0,233.0,34.01,	0.85%
2019-3-6,234.0,235.0,235.5,233.5,31.89,	2.40%
2019-3-5,233.0,234.0,234.5,232.5,18.42,	-0.43%
2019-3-4,235.5,239.5,239.5,234.5,18.16,	1.32%
2019-2-27,239.0,238.5,239.5,237.0,22.37,	0.00%
2019-2-26,239.5,239.0,240.0,236.5,23.65,	-0.87%
2019-2-25,238.0,237.5,239.0,236.0,28.63,	-0.43%
2019-2-22,236.5,235.5,236.5,234.0,30.13,	0.88%
2019-2-21,236.5,235.5,236.5,234.5,81.36,	3.17%
2019-2-20,234.5,231.5,234.5,231.0,51.89,	-0.67%
2019-2-19,229.0,230.0,230.5,229.0,42.57,	-2.84%
2019-2-18,230.0,229.0,230.5,228.5,29.13,	1.33%
2019-2-15,227.0,229.0,229.0,226.5,48.04,	1.57%
2019-2-14,227.0,229.5,230.0,226.0,31.35,	0.91%
2019-2-13,229.0,232.0,232.0,228.5,18.67,	-1.12%
2019-2-12,230.0,230.0,230.0,229.0,30.96,	0.90%
2019-2-11,228.0,228.0,229.0,226.5,32.52,	1.14%
2019-1-30,221.0,220.5,221.5,220.0,52.68,	-0.91%
2019-1-29,222.5,222.5,225.0,222.0,21.16,	1.38%
2019-1-28,229.0,229.5,229.5,228.0,30.04,	-1.58%
2019-1-25,226.0,226.5,227.0,225.0,42.99,	1.14%
2019-1-24,222.5,222.5,222.5,220.5,17.61,	-0.91%
2019-1-23,220.5,221.5,222.0,220.0,28.66,	2.08%
2019-1-22,223.0,220.0,223.0,219.0,20.83,	0.23%
2019-1-21,221.0,220.0,223.0,220.0,51.26,	2.13%
2019-1-18,218.5,219.0,220.0,217.5,23.79,	-0.94%
2019-1-17,220.5,218.0,221.0,218.0,35.7,	2.40%
2019-1-16,217.5,218.5,220.0,217.5,67.04,	-3.48%
2019-1-15,221.0,216.5,221.0,215.5,34.62,	-1.82%
2019-1-14,218.5,218.5,220.0,217.0,32.9,	-2.66%
2019-1-11,220.5,219.0,220.5,218.0,30.16,	1.12%
2019-1-10,216.0,216.0,216.5,214.5,21.92,	3.00%
2019-1-9,215.5,212.0,216.5,211.0,16.89,	-0.46%
2019-1-8,211.0,212.0,212.5,210.0,19.4,	-1.14%
2019-1-7,213.0,212.0,214.0,211.0,23.38,	-0.68%
2019-1-4,208.0,211.5,211.5,206.5,5.19,	-0.89%
2019-1-3,215.5,214.0,218.0,214.0,46.95,	1.13%
2019-1-2,219.5,226.5,226.5,219.0,38.7,	-2.00%
2018-12-28,225.5,223.5,225.5,222.5,23.42,	1.35%
2018-12-27,223.0,222.0,224.0,220.5,30.27,	-0.45%
2018-12-26,216.5,218.5,219.5,216.0,18.96,	0.45%
2018-12-25,217.5,215.5,218.0,215.0,43.23,	-1.55%
2018-12-24,220.0,221.5,221.5,219.5,32.43,	-0.22%
2018-12-22,221.5,220.0,221.5,220.0,32.93,	1.80%
2018-12-21,223.5,219.0,224.0,219.0,27.4,	1.60%
2018-12-20,221.0,221.0,222.5,221.0,26.23,	-0.90%
2018-12-19,225.5,222.0,225.5,222.0,32.0,	0.45%
2018-12-18,222.5,221.0,223.0,220.5,40.18,	-2.65%
2018-12-17,223.5,221.0,225.0,220.0,45.63,	-3.42%
2018-12-14,222.5,223.0,223.5,220.5,41.95,	-0.43%
2018-12-13,226.0,227.0,227.5,225.0,49.61,	4.21%
2018-12-12,226.5,223.5,227.0,222.5,57.35,	-1.53%
2018-12-11,222.5,220.0,223.0,219.0,46.21,	1.10%
2018-12-10,219.0,219.5,220.0,218.5,24.76,	1.12%
2018-12-7,221.0,222.5,223.5,220.5,32.68,	0.45%
2018-12-6,220.0,220.0,222.0,219.5,35.27,	2.06%
2018-12-5,226.0,226.5,227.5,225.0,15.55,	-0.23%
2018-12-4,234.0,233.0,234.5,231.0,22.06,	0.00%
2018-12-3,235.0,231.0,235.0,231.0,38.48,	0.46%
2018-11-30,225.5,229.5,231.0,225.5,45.69,	-1.80%
2018-11-29,229.0,231.5,231.5,229.0,51.03,	-1.77%
2018-11-28,226.5,222.5,227.0,222.0,47.14,	-2.16%
2018-11-27,224.0,220.0,224.5,219.0,22.23,	1.09%
2018-11-26,223.0,219.0,224.0,218.5,24.57,	0.44%
2018-11-23,218.5,220.5,220.5,217.0,37.57,	-1.73%
2018-11-22,219.0,221.5,222.0,219.0,26.2,	0.22%
2018-11-21,219.0,214.5,220.0,214.0,23.79,	-2.33%
2018-11-20,218.0,219.0,220.5,218.0,28.09,	1.07%
2018-11-19,222.0,225.0,225.0,221.0,39.84,	-0.21%
2018-11-16,226.0,229.0,229.0,225.0,35.5,	-0.21%
2018-11-15,231.0,229.5,232.0,228.5,28.16,	-0.63%
2018-11-14,228.5,230.0,231.0,228.5,30.79,	0.42%
2018-11-13,227.5,224.5,228.0,224.5,44.51,	0.64%
2018-11-12,231.5,230.0,234.5,230.0,59.93,	4.93%
2018-11-9,231.0,234.5,234.5,231.0,29.09,	0.22%
2018-11-8,236.5,237.5,237.5,236.0,18.46,	0.68%
2018-11-7,234.0,233.0,236.0,232.5,54.07,	0.68%
2018-11-6,234.5,234.0,235.5,232.5,75.52,	-4.36%
2018-11-5,235.0,233.0,235.5,232.0,45.48,	-0.22%
2018-11-2,236.5,236.5,236.5,233.5,36.76,	-2.95%
2018-11-1,235.5,236.0,237.0,233.0,29.28,	0.42%
2018-10-31,234.0,228.0,234.0,228.0,29.65,	-0.21%
2018-10-30,223.0,221.0,225.0,220.5,27.79,	-0.84%
2018-10-29,222.5,223.0,224.0,221.0,42.89,	0.63%
2018-10-26,221.0,223.0,224.0,217.0,39.13,	2.82%
2018-10-25,219.5,220.5,222.0,219.5,46.47,	-2.74%
2018-10-24,229.5,230.0,231.0,227.0,54.44,	4.18%
2018-10-23,230.0,232.0,234.0,230.0,96.03,	-6.76%
2018-10-22,237.0,232.5,238.0,231.5,28.93,	0.21%
2018-10-19,236.0,231.0,236.5,230.0,51.08,	-2.60%
2018-10-18,236.5,238.0,239.0,235.5,40.4,	-1.57%
2018-10-17,238.5,241.5,243.0,238.0,38.01,	-2.31%
2018-10-16,237.0,229.5,237.0,229.0,25.23,	0.97%
2018-10-15,230.5,234.0,234.0,230.5,38.39,	-2.09%
2018-10-12,237.0,231.0,237.0,229.0,22.41,	0.19%
2018-10-11,227.5,233.5,233.5,227.0,39.64,	-0.94%
2018-10-9,244.0,243.5,245.0,242.0,38.49,	0.57%
2018-10-8,243.5,245.5,246.5,241.0,25.06,	0.00%
2018-10-5,250.0,250.0,253.0,248.5,24.98,	0.76%
2018-10-4,254.0,257.0,257.5,254.0,36.5,	0.58%
2018-10-3,260.0,257.5,260.0,257.0,35.58,	0.78%
2018-10-2,257.5,262.0,263.0,257.0,69.98,	1.38%
2018-10-1,263.0,262.0,264.0,261.0,34.38,	-1.36%
2018-9-28,262.5,266.0,266.0,260.0,25.04,	-1.15%
2018-9-27,265.0,264.0,266.0,262.0,40.03,	2.35%
2018-9-26,263.5,263.0,263.5,261.0,37.96,	-2.11%
2018-9-25,263.5,261.5,264.0,260.5,38.41,	0.19%
2018-9-21,261.5,261.5,261.5,258.0,44.98,	-1.70%
2018-9-20,260.0,261.5,261.5,257.5,62.85,	0.19%
2018-9-19,258.0,258.0,260.0,257.0,44.75,	1.15%
2018-9-18,254.5,256.5,257.0,254.0,39.78,	-1.14%
2018-9-17,258.0,262.5,262.5,257.0,52.71,	2.52%
2018-9-14,261.0,257.0,261.5,257.0,41.46,	0.19%
2018-9-13,255.0,260.0,260.0,253.5,34.51,	0.39%
2018-9-12,260.5,261.0,262.0,258.0,70.0,	-2.85%
2018-9-11,260.0,263.0,263.5,258.0,52.62,	1.74%
2018-9-10,264.5,266.5,266.5,262.5,57.63,	3.81%
2018-9-7,264.0,263.0,264.0,260.5,40.41,	1.84%
2018-9-6,261.0,268.0,268.0,261.0,15.58,	0.62%
2018-9-5,264.0,260.0,264.5,259.0,15.45,	-0.41%
2018-9-4,257.5,258.5,259.5,255.5,17.22,	1.03%
2018-9-3,257.0,259.0,260.0,256.5,12.68,	0.41%
2018-8-31,256.0,257.5,259.0,254.0,13.87,	0.63%
2018-8-30,263.5,264.5,268.0,262.5,17.01,	0.00%
2018-8-29,259.0,253.5,259.0,253.5,19.63,	0.21%
2018-8-28,249.5,248.5,250.0,248.0,19.15,	-1.04%
2018-8-27,245.0,246.0,246.5,244.5,19.24,	-0.82%
2018-8-24,243.5,245.5,246.0,243.0,17.49,	1.25%
2018-8-23,244.5,243.0,244.5,243.0,17.88,	-1.84%
2018-8-22,242.0,241.5,242.5,240.5,16.12,	-0.81%
2018-8-21,241.0,239.0,241.0,238.5,15.13,	-0.20%
2018-8-20,239.5,239.5,240.0,238.0,24.38,	2.48%
2018-8-17,239.5,239.5,241.0,239.0,24.35,	-1.63%
2018-8-16,239.0,238.0,241.5,238.0,22.36,	-0.61%
2018-8-15,241.5,244.5,244.5,239.5,25.17,	1.02%
2018-8-14,243.5,245.0,245.0,242.5,22.77,	-1.41%
2018-8-13,240.5,241.5,243.0,239.0,29.78,	0.81%
2018-8-10,245.0,246.5,247.0,244.5,28.2,	0.20%
2018-8-9,247.0,247.0,248.0,246.0,22.8,	0.41%
2018-8-8,247.5,245.0,247.5,244.5,27.13,	1.45%
2018-8-7,241.5,245.0,245.5,241.5,30.86,	0.21%
2018-8-6,245.5,245.0,247.0,244.0,21.53,	-0.21%
2018-8-3,247.0,246.0,248.0,245.0,27.47,	0.00%
2018-8-2,244.5,249.0,249.5,243.5,52.27,	1.47%
2018-8-1,248.0,247.0,248.0,246.5,103.65,	5.79%
2018-7-31,246.0,243.5,246.0,242.0,43.98,	0.67%
2018-7-30,245.5,244.5,245.5,244.0,45.8,	0.68%
2018-7-27,244.5,242.0,244.5,241.0,22.55,	-0.89%
2018-7-26,241.0,241.0,242.5,239.5,16.11,	-0.45%
2018-7-25,240.5,239.0,241.0,239.0,30.42,	1.81%
2018-7-24,241.0,240.0,241.5,238.5,23.81,	0.23%
2018-7-23,241.0,239.0,245.0,238.5,19.85,	-0.90%
2018-7-20,237.5,235.0,237.5,233.0,20.2,	0.23%
2018-7-19,224.5,225.5,227.0,224.5,41.17,	2.07%
2018-7-18,223.0,223.0,224.0,222.0,31.34,	1.17%
2018-7-17,221.5,222.5,223.5,221.0,18.23,	-0.69%
2018-7-16,223.5,224.5,225.0,223.5,15.36,	0.70%
2018-7-13,224.5,222.5,224.5,222.5,28.66,	0.23%
2018-7-12,220.5,218.0,222.0,218.0,33.5,	-1.15%
2018-7-11,220.0,220.0,220.0,218.0,36.85,	2.12%
2018-7-10,222.0,223.0,224.0,222.0,38.82,	-0.47%
2018-7-9,221.5,219.5,223.0,218.5,40.86,	-0.70%
2018-7-6,217.0,217.5,217.5,215.0,43.08,	-1.61%
2018-7-5,214.5,214.0,215.0,213.0,49.06,	-4.18%
2018-7-4,216.0,217.0,217.5,215.5,44.21,	0.44%
2018-7-3,214.5,215.5,218.0,213.5,32.57,	0.22%
2018-7-2,214.0,218.5,219.0,214.0,40.71,	0.44%
2018-6-29,216.5,212.0,217.0,212.0,61.14,	-2.60%
2018-6-28,212.0,211.0,214.5,210.0,49.51,	1.99%
2018-6-27,213.0,216.0,216.0,212.5,36.93,	-2.37%
2018-6-26,214.5,215.5,216.0,212.5,36.08,	1.31%
2018-6-25,218.0,220.0,220.5,218.0,30.19,	1.33%
2018-6-22,227.5,224.5,227.5,224.0,22.03,	-0.44%
2018-6-21,226.5,227.5,228.0,226.0,24.19,	-1.30%
2018-6-20,226.0,224.5,227.5,223.5,25.28,	0.00%
2018-6-19,225.0,225.5,226.0,224.0,30.38,	0.44%
2018-6-15,231.0,225.0,231.0,224.0,27.71,	0.00%
2018-6-14,226.5,230.0,230.0,226.5,31.26,	2.23%
2018-6-13,232.0,229.0,232.0,228.0,36.65,	0.00%
2018-6-12,229.0,225.0,229.0,224.0,96.59,	1.36%
2018-6-11,226.0,226.5,227.0,225.0,49.67,	-1.78%
2018-6-8,227.0,229.0,229.0,226.0,25.77,	-0.88%
2018-6-7,230.0,231.0,231.5,228.0,17.67,	-0.66%
2018-6-6,230.0,229.0,230.0,227.0,16.49,	-0.22%
2018-6-5,229.0,230.0,230.0,226.5,13.45,	0.22%
2018-6-4,229.0,227.5,229.0,227.0,26.74,	-0.22%
2018-6-1,224.0,224.5,226.5,224.0,22.42,	0.00%
2018-5-31,224.0,221.5,224.0,220.5,16.42,	2.46%
2018-5-30,221.0,224.0,224.0,220.5,28.19,	-1.32%
2018-5-29,225.0,226.5,226.5,223.5,27.7,	-1.74%
2018-5-28,227.0,229.5,230.0,226.5,14.83,	0.00%
2018-5-25,228.5,228.5,229.5,228.0,23.77,	-1.07%
2018-5-24,229.0,229.5,230.0,228.5,23.58,	0.00%
2018-5-23,228.5,231.5,231.5,228.5,30.69,	1.53%
2018-5-22,229.0,230.0,233.5,229.0,27.53,	0.00%
2018-5-21,229.0,225.0,230.0,225.0,35.6,	0.66%
2018-5-18,223.5,225.5,227.5,223.5,40.32,	2.01%
2018-5-17,226.5,231.0,231.5,226.5,23.75,	0.22%
2018-5-16,230.5,229.5,230.5,228.5,28.48,	1.13%
2018-5-15,230.5,233.5,234.0,229.5,33.51,	-1.12%
2018-5-14,233.0,234.5,234.5,232.5,38.44,	-1.76%
2018-5-11,233.0,232.0,234.0,230.5,28.5,	1.57%
2018-5-10,229.5,231.0,231.5,229.0,34.44,	0.68%
2018-5-9,229.5,228.5,232.0,228.5,48.18,	-1.33%
2018-5-8,228.0,224.0,228.5,223.5,48.97,	-0.88%
2018-5-7,223.5,225.0,225.5,221.5,45.21,	0.22%
2018-5-4,223.0,221.0,224.0,220.5,71.9,	-1.09%
2018-5-3,220.5,221.0,222.5,220.0,129.89,	-6.34%
2018-5-2,223.0,227.0,227.5,222.5,33.23,	2.73%
2018-4-30,227.0,224.5,228.0,222.5,44.77,	0.00%
2018-4-27,223.5,225.0,225.5,221.0,42.76,	-2.26%
2018-4-26,222.0,225.0,225.5,221.0,21.61,	-0.41%
2018-4-25,225.0,225.5,226.0,224.0,19.95,	-0.20%
2018-4-24,227.0,225.0,227.5,225.0,20.48,	-1.21%
2018-4-23,226.5,226.5,227.5,225.0,21.78,	1.02%
2018-4-20,229.0,228.0,231.5,228.0,25.27,	0.20%
2018-4-19,244.5,242.0,244.5,241.0,35.46,	0.41%
2018-4-18,238.0,239.5,241.5,236.5,35.81,	-1.01%
2018-4-17,238.0,243.0,243.5,237.5,19.03,	-0.40%
2018-4-16,243.5,243.0,244.0,242.0,3.6,	0.61%
2018-4-13,244.5,246.0,246.0,244.0,17.0,	0.82%
2018-4-12,245.0,248.5,248.5,244.0,36.43,	-0.41%
2018-4-11,248.0,246.5,248.5,246.5,29.92,	-2.39%
2018-4-10,245.5,244.5,249.0,243.5,31.1,	3.08%
2018-4-9,245.0,248.0,248.0,243.5,39.49,	-0.61%
2018-4-3,244.0,243.0,244.5,242.0,52.97,	-2.58%
2018-4-2,246.5,248.5,249.0,245.0,27.0,	-0.40%
2018-3-31,247.5,247.5,249.0,246.5,32.98,	-0.20%
2018-3-30,246.0,247.5,249.5,246.0,22.34,	-0.78%
2018-3-29,244.0,243.0,247.0,242.5,22.44,	0.00%
2018-3-28,245.0,247.5,248.0,244.0,62.99,	0.00%
2018-3-27,251.0,248.0,251.0,247.0,19.4,	-0.78%
2018-3-26,243.5,241.5,244.5,241.5,24.25,	-0.77%
2018-3-23,245.0,245.0,247.0,244.0,34.26,	1.97%
2018-3-22,251.5,254.5,254.5,249.5,25.1,	1.40%
2018-3-21,252.5,255.0,255.0,251.0,22.89,	0.40%
2018-3-20,253.0,253.0,254.0,251.5,20.64,	1.01%
2018-3-19,255.0,252.5,255.5,251.0,30.39,	-1.20%
2018-3-16,255.0,253.0,256.0,249.5,36.94,	3.52%
2018-3-15,255.0,258.0,258.0,255.0,27.34,	0.63%
2018-3-14,257.0,256.5,257.5,255.5,35.29,	-1.23%
2018-3-13,259.0,255.5,259.0,255.0,43.85,	-1.22%
2018-3-12,254.0,252.0,255.0,251.5,44.7,	-0.20%
2018-3-9,250.5,250.0,251.0,248.5,36.17,	0.61%
2018-3-8,249.5,249.5,251.5,249.0,26.99,	2.30%
2018-3-7,247.0,248.0,248.5,246.0,45.49,	-1.24%
2018-3-6,250.0,245.5,250.0,245.5,76.4,	2.54%
2018-3-5,241.5,242.5,243.0,240.5,42.92,	1.72%
2018-3-2,240.0,240.0,241.0,238.5,65.94,	-2.52%
2018-3-1,243.0,244.0,245.0,242.0,31.19,	-0.63%
2018-2-27,246.0,250.5,250.5,246.0,82.3,	0.42%
2018-2-26,246.5,247.0,247.5,245.0,104.45,	-5.53%
2018-2-23,245.0,241.0,245.0,241.0,46.55,	-2.50%
2018-2-22,239.5,244.0,244.0,239.0,25.71,	0.00%
2018-2-21,242.5,244.5,244.5,242.0,30.9,	1.76%
2018-2-12,236.5,235.5,237.5,235.0,45.81,	0.79%
2018-2-9,232.5,230.0,233.0,228.5,37.41,	-2.13%
2018-2-8,238.5,239.5,242.0,238.0,31.31,	1.37%
2018-2-7,240.0,245.0,245.5,239.5,43.51,	-1.16%
2018-2-6,239.0,242.5,243.5,234.0,46.21,	0.00%
2018-2-5,253.0,251.0,254.5,250.5,42.6,	-3.01%
2018-2-2,259.5,259.0,260.0,255.0,34.61,	1.72%
2018-2-1,259.5,257.5,261.0,257.0,45.91,	2.35%
2018-1-31,255.0,253.0,257.5,252.0,55.06,	2.82%
2018-1-30,253.0,256.0,257.5,252.5,50.12,	2.69%
2018-1-29,258.5,259.0,261.5,255.0,38.12,	0.62%
2018-1-26,255.0,256.5,257.5,253.5,23.41,	0.21%
2018-1-25,258.0,258.0,264.0,256.5,28.58,	1.27%
2018-1-24,258.0,263.0,263.0,256.5,23.14,	0.85%
2018-1-23,266.0,262.5,266.0,262.5,32.07,	-0.63%
2018-1-22,261.5,257.5,262.0,257.0,25.72,	-2.27%
2018-1-19,255.5,253.5,255.5,251.5,19.04,	0.00%
2018-1-18,248.5,245.0,250.0,245.0,21.85,	0.83%
2018-1-17,242.0,240.5,243.0,239.0,23.72,	0.21%
2018-1-16,240.5,240.0,240.5,238.0,29.18,	1.05%
2018-1-15,240.0,240.0,240.0,238.0,31.71,	1.94%
2018-1-12,237.0,234.5,238.0,233.5,18.06,	1.31%
2018-1-11,235.0,235.0,236.0,232.5,25.61,	1.55%
2018-1-10,236.5,241.5,242.0,236.0,24.37,	0.44%
2018-1-9,242.0,242.0,242.0,239.5,12.52,	-0.44%
2018-1-8,242.0,242.0,242.5,240.5,13.75,	-1.09%
2018-1-5,240.0,240.0,240.0,238.0,4.58,	0.44%
2018-1-4,239.5,240.0,240.0,236.5,19.11,	1.11%
2018-1-3,237.0,236.0,238.0,235.5,20.83,	0.22%
2018-1-2,232.5,231.5,232.5,231.0,34.51,	-0.22%
2017-12-29,229.5,227.5,230.0,226.5,25.9,	-0.88%
2017-12-28,226.0,226.5,228.0,225.0,15.7,	-1.30%
2017-12-27,225.0,225.0,226.0,225.0,42.72,	-0.22%
2017-12-26,226.0,229.0,229.0,225.0,17.26,	1.54%
2017-12-25,228.5,228.0,229.5,226.5,19.62,	-0.22%
2017-12-22,227.5,225.0,227.5,224.0,28.19,	0.00%
2017-12-21,225.0,226.5,227.0,224.5,20.65,	0.22%
2017-12-20,224.5,225.0,225.5,223.5,38.18,	0.22%
2017-12-19,225.0,226.5,228.5,224.0,41.62,	-0.22%
2017-12-18,227.0,227.0,228.0,226.5,34.03,	-1.09%
2017-12-15,230.0,228.5,230.0,226.5,30.19,	-1.92%
2017-12-14,230.5,228.0,230.5,227.5,22.94,	1.30%
2017-12-13,227.0,227.5,228.0,226.5,38.36,	2.21%
2017-12-12,227.5,229.5,229.5,225.0,112.26,	-3.62%
2017-12-11,227.5,228.5,229.0,227.0,26.54,	0.21%
2017-12-8,227.0,231.0,231.0,224.5,47.83,	-1.27%
2017-12-7,226.5,226.5,226.5,222.5,32.25,	-2.87%
2017-12-6,227.0,228.0,229.5,226.5,11.4,	0.62%
2017-12-5,229.5,231.0,231.0,228.5,9.56,	0.21%
2017-12-4,234.0,232.5,234.5,231.0,27.25,	-0.41%
2017-12-1,231.0,228.5,233.5,227.5,22.88,	1.89%
2017-11-30,226.0,226.5,230.5,226.0,19.81,	-1.24%
2017-11-29,234.5,235.0,236.0,234.5,18.74,	1.47%
2017-11-28,234.0,234.5,235.0,233.0,17.27,	0.21%
2017-11-27,237.0,240.0,240.0,237.0,29.72,	-1.04%
2017-11-24,244.0,242.0,244.5,241.5,17.23,	0.21%
2017-11-23,242.5,242.0,243.5,241.5,12.09,	-0.42%
2017-11-22,242.0,244.5,244.5,242.0,15.06,	-0.21%
2017-11-21,243.0,240.0,243.0,239.5,21.37,	-0.62%
2017-11-20,238.5,241.0,241.5,238.0,14.58,	-0.61%
2017-11-17,241.5,240.5,242.5,240.5,21.69,	1.88%
2017-11-16,238.0,238.0,240.0,237.5,21.03,	0.21%
2017-11-15,237.5,239.0,239.5,236.0,18.33,	-0.83%
2017-11-14,240.0,241.0,241.0,239.0,16.31,	-0.62%
2017-11-13,239.5,240.0,241.5,239.5,20.47,	-0.21%
2017-11-10,240.5,240.0,242.0,239.5,22.58,	0.00%
2017-11-9,241.0,240.5,243.0,240.0,30.24,	1.67%
2017-11-8,242.5,243.0,243.5,242.0,18.04,	1.27%
2017-11-7,244.0,242.0,244.0,241.5,12.96,	-0.84%
2017-11-6,239.5,243.5,244.0,239.0,17.21,	0.00%
2017-11-3,239.0,240.5,241.0,238.5,16.1,	-0.42%
2017-11-2,241.0,242.0,242.5,240.5,15.96,	0.63%
2017-11-1,242.5,243.5,245.0,241.5,27.06,	-0.63%
2017-10-31,243.0,243.5,245.0,241.5,23.48,	0.63%
2017-10-30,243.0,242.0,245.0,241.5,28.97,	0.85%
2017-10-27,239.0,237.5,240.0,237.5,17.65,	-1.05%
2017-10-26,236.0,237.0,238.0,236.0,20.67,	0.21%
2017-10-25,238.0,238.5,239.0,237.5,23.15,	0.00%
2017-10-24,238.0,240.0,240.0,238.0,44.18,	1.93%
2017-10-23,239.0,239.0,240.0,238.5,67.65,	3.79%
2017-10-20,237.5,238.0,239.5,237.5,16.04,	0.00%
2017-10-19,239.0,239.5,241.5,239.0,25.4,	0.90%
2017-10-18,237.5,239.5,239.5,237.0,38.33,	0.91%
2017-10-17,235.5,238.0,238.0,235.0,28.36,	1.85%
2017-10-16,238.0,237.5,238.0,236.0,4.25,	0.00%
2017-10-13,237.5,237.5,237.5,234.5,23.95,	1.17%
2017-10-12,237.5,235.0,237.5,234.5,31.62,	-0.47%
2017-10-11,233.0,226.5,233.5,226.5,24.79,	0.47%
2017-10-6,224.5,225.0,225.5,223.5,25.0,	-1.38%
2017-10-5,224.5,222.0,225.5,222.0,17.46,	-0.69%
2017-10-3,222.5,219.0,223.0,219.0,22.46,	-1.13%
2017-10-2,220.5,219.5,220.5,218.5,18.65,	-0.23%
2017-9-30,216.5,218.0,218.5,216.5,23.43,	0.00%
2017-9-29,216.5,216.0,217.5,215.5,26.25,	0.91%
2017-9-28,214.0,215.0,216.0,213.5,17.81,	0.46%
2017-9-27,215.0,217.5,217.5,215.0,48.9,	0.00%
2017-9-26,214.0,217.5,218.0,214.0,21.51,	0.23%
2017-9-25,217.0,217.5,218.5,217.0,17.55,	-0.46%
2017-9-22,218.5,221.5,222.0,218.5,24.86,	0.92%
2017-9-21,221.0,221.0,223.0,220.0,19.39,	-0.46%
2017-9-20,221.5,221.0,222.0,220.0,25.51,	0.46%
2017-9-19,221.5,221.5,221.5,220.0,19.2,	0.00%
2017-9-18,219.5,219.0,220.0,218.0,28.15,	-0.46%
2017-9-15,218.5,218.5,219.0,217.0,34.51,	0.23%
2017-9-14,218.5,218.5,219.0,217.5,15.05,	0.46%
2017-9-13,218.0,217.5,219.0,217.5,17.81,	0.00%
2017-9-12,219.0,219.0,219.5,217.5,26.94,	-0.46%
2017-9-11,217.0,219.0,219.5,216.5,19.67,	0.69%
2017-9-8,218.0,217.0,218.0,216.5,16.56,	0.00%
2017-9-7,217.0,218.0,218.5,216.0,16.51,	-0.69%
2017-9-6,217.0,216.5,218.0,216.0,10.97,	0.23%
2017-9-5,218.0,218.0,218.0,216.5,15.43,	0.70%
2017-9-4,217.5,216.5,218.0,215.5,11.76,	0.47%
2017-9-1,216.5,215.0,217.5,215.0,17.33,	1.42%
2017-8-31,216.5,217.5,218.0,215.5,13.85,	-0.47%
2017-8-30,217.5,216.0,218.0,216.0,14.36,	-0.70%
2017-8-29,216.0,216.0,216.0,215.0,8.35,	0.47%
2017-8-28,216.0,215.0,216.5,215.0,25.21,	-0.47%
2017-8-25,217.5,217.5,217.5,216.0,14.39,	1.42%
2017-8-24,217.0,216.0,217.0,215.5,29.41,	-0.71%
2017-8-23,215.5,215.5,216.0,214.0,41.59,	-0.70%
2017-8-22,214.5,213.5,214.5,213.0,27.44,	-0.23%
2017-8-21,211.5,212.5,213.0,211.5,28.13,	-1.38%
2017-8-18,212.5,212.0,213.0,211.0,25.22,	0.69%
2017-8-17,214.0,213.5,214.0,213.0,21.59,	1.41%
2017-8-16,213.0,214.5,214.5,211.0,22.19,	-0.23%
2017-8-15,214.0,213.0,214.5,213.0,27.1,	-1.16%
2017-8-14,211.0,213.5,214.0,210.0,30.53,	1.89%
2017-8-11,212.5,211.0,213.5,210.5,20.31,	-1.17%
2017-8-10,214.0,215.5,215.5,212.5,20.36,	0.70%
2017-8-9,214.5,215.0,215.5,213.5,21.12,	-1.16%
2017-8-8,217.5,217.5,219.0,216.0,23.04,	1.17%
2017-8-7,216.0,213.5,216.5,213.5,15.9,	-0.47%
2017-8-4,213.0,213.5,214.0,212.5,13.85,	-0.23%
2017-8-3,213.5,213.0,214.0,212.5,20.0,	0.23%
2017-8-2,216.0,214.0,216.0,214.0,15.42,	-0.70%
2017-8-1,212.0,212.5,214.0,212.0,20.8,	0.47%
2017-7-31,214.5,211.5,214.5,211.5,20.66,	0.23%
2017-7-28,213.0,213.0,214.0,212.5,18.76,	0.47%
2017-7-27,215.5,213.5,216.0,213.5,21.4,	0.00%
2017-7-26,213.0,215.0,215.0,212.5,22.36,	-0.70%
2017-7-25,214.0,214.0,214.5,213.5,50.14,	1.90%
2017-7-24,214.5,213.5,214.5,213.0,26.89,	-0.71%
2017-7-21,214.0,214.0,215.0,213.5,34.59,	2.91%
2017-7-20,215.5,215.0,215.5,214.0,13.33,	0.00%
2017-7-19,214.5,212.5,215.0,212.5,21.57,	-0.72%
2017-7-18,214.0,213.0,214.0,212.0,15.26,	-0.48%
2017-7-17,213.0,215.0,215.5,211.5,23.46,	0.72%
2017-7-14,213.0,213.0,214.5,212.0,21.59,	-0.96%
2017-7-13,214.5,212.0,216.0,211.5,21.07,	0.24%
2017-7-12,210.5,211.0,212.5,210.5,31.71,	-0.71%
2017-7-11,212.0,208.0,212.0,207.5,27.05,	0.72%
2017-7-10,206.0,206.5,207.0,206.0,52.27,	-1.42%
2017-7-7,206.0,207.0,207.5,205.5,44.5,	-1.63%
2017-7-6,207.5,208.0,208.5,207.0,60.14,	-0.92%
2017-7-5,208.5,207.0,208.5,206.5,39.69,	-0.46%
2017-7-4,207.0,208.0,208.5,207.0,26.09,	1.16%
2017-7-3,209.0,207.5,209.0,207.0,45.38,	-0.46%
2017-6-30,208.5,206.5,208.5,206.5,28.78,	1.64%
2017-6-29,210.0,210.5,210.5,208.5,17.49,	0.71%
2017-6-28,208.5,209.5,210.0,208.0,32.86,	1.68%
2017-6-27,211.5,214.0,214.0,211.0,19.49,	0.48%
2017-6-26,215.0,212.0,215.0,212.0,39.08,	-0.48%
2017-6-23,217.0,218.0,218.5,217.0,49.98,	0.24%
2017-6-22,218.0,217.0,218.0,216.5,63.11,	-2.12%
2017-6-21,215.5,216.0,217.0,214.5,35.19,	-0.47%
2017-6-20,216.5,215.0,218.0,214.5,21.65,	0.71%
2017-6-19,213.0,211.0,213.0,210.5,34.73,	0.48%
2017-6-16,211.5,207.5,212.0,207.0,15.38,	-0.71%
2017-6-15,208.0,207.5,208.0,207.0,22.55,	1.44%
2017-6-14,207.0,208.5,209.5,206.0,1.54,	0.00%
2017-6-13,208.0,207.0,208.5,206.5,23.26,	0.97%
2017-6-12,207.5,207.0,210.0,207.0,29.62,	1.97%
2017-6-9,212.0,214.5,215.0,212.0,67.93,	-1.93%
2017-6-8,213.0,212.0,213.0,211.5,32.98,	0.00%
2017-6-7,211.5,212.0,212.5,210.0,26.09,	0.73%
2017-6-6,210.5,210.5,211.5,210.5,18.31,	0.24%
2017-6-5,212.0,209.5,212.0,209.0,23.03,	0.00%
2017-6-3,209.0,209.0,209.0,208.0,17.42,	0.99%
2017-6-2,209.0,208.5,209.0,207.5,17.16,	-0.25%
2017-6-1,207.0,205.0,207.0,204.5,22.49,	-0.25%
2017-5-31,203.0,206.5,207.0,203.0,22.61,	-0.24%
2017-5-26,207.0,205.0,207.0,205.0,36.6,	-0.73%
2017-5-25,207.0,206.0,207.0,205.5,25.92,	0.00%
2017-5-24,205.5,205.0,206.0,205.0,25.51,	-0.72%
2017-5-23,205.0,205.0,207.0,204.5,44.29,	0.97%
2017-5-22,205.0,203.5,205.0,203.0,31.08,	0.98%
2017-5-19,203.0,203.5,204.5,202.5,48.28,	0.49%
2017-5-18,203.5,202.5,204.0,201.5,39.59,	2.53%
2017-5-17,204.0,203.0,204.0,203.0,17.62,	-0.25%
2017-5-16,204.5,205.0,205.0,203.5,22.19,	0.00%
2017-5-15,206.0,204.0,206.0,204.0,27.24,	0.76%
2017-5-12,206.0,205.0,207.0,205.0,45.85,	1.03%
2017-5-11,207.5,204.5,208.5,204.0,38.38,	0.00%
2017-5-10,205.5,204.0,206.0,204.0,38.38,	0.78%
2017-5-9,203.5,205.5,207.0,203.5,35.81,	1.05%
2017-5-8,202.5,199.0,202.5,199.0,31.12,	-0.52%
2017-5-5,197.5,197.0,198.5,197.0,31.95,	1.05%
2017-5-4,198.0,198.5,199.0,197.0,29.57,	0.00%
2017-5-3,198.0,198.0,198.5,197.0,19.03,	1.60%
2017-5-2,196.5,198.5,199.0,195.5,32.7,	0.27%
2017-5-1,194.5,193.5,194.5,193.0,31.17,	-0.80%
2017-4-28,194.5,193.5,194.5,193.0,28.73,	0.27%
2017-4-27,193.0,192.0,193.0,190.5,17.11,	-0.79%
2017-4-26,191.0,192.0,192.0,190.5,31.32,	-1.31%
2017-4-25,192.0,190.5,192.0,189.5,14.8,	0.26%
2017-4-24,190.0,191.0,191.5,188.5,17.42,	0.00%
2017-4-21,190.0,187.5,190.0,187.5,9.79,	0.53%
2017-4-20,187.0,186.5,188.0,186.5,17.39,	-0.52%
2017-4-19,186.5,187.5,187.5,186.5,19.07,	-0.26%
2017-4-18,188.0,188.0,189.5,187.5,17.42,	-0.78%
2017-4-17,187.5,189.0,189.0,187.5,45.12,	2.12%
2017-4-14,189.0,189.5,189.5,188.0,34.0,	-1.31%
2017-4-13,191.5,189.5,192.0,189.5,30.72,	0.00%
2017-4-12,191.0,190.5,191.5,190.0,33.84,	-1.54%
2017-4-11,191.0,190.0,191.0,189.0,39.52,	0.78%
2017-4-10,190.0,191.0,191.5,189.5,29.87,	0.26%
2017-4-7,191.0,192.0,192.0,188.5,17.72,	-0.52%
2017-4-6,191.5,193.0,193.0,191.0,18.83,	0.00%
2017-4-5,193.0,189.5,193.0,189.5,27.77,	-0.77%
2017-3-31,189.0,191.0,192.0,189.0,33.66,	1.83%
2017-3-30,191.5,192.5,193.0,190.5,16.53,	0.00%
2017-3-29,191.5,194.5,194.5,191.0,38.7,	0.79%
2017-3-28,194.5,195.0,195.0,192.5,32.45,	1.88%
2017-3-27,193.0,194.5,194.5,192.0,14.15,	0.27%
2017-3-24,192.5,192.0,193.0,192.0,24.37,	-0.27%
2017-3-23,193.5,192.0,193.5,192.0,11.03,	1.63%
2017-3-22,193.5,192.5,193.5,191.5,24.89,	-0.54%
2017-3-21,195.0,192.0,195.0,191.5,31.12,	-1.34%
2017-3-20,191.5,191.5,191.5,189.5,38.66,	0.81%
2017-3-17,191.5,189.5,191.5,189.0,22.82,	1.09%
2017-3-16,190.0,188.0,190.0,188.0,12.63,	-0.27%
2017-3-15,186.5,185.5,187.0,185.5,28.21,	-1.08%
2017-3-14,186.0,188.0,188.0,186.0,40.88,	0.00%
2017-3-13,186.5,185.0,186.5,185.0,48.26,	-1.59%
2017-3-10,183.5,184.0,184.5,183.0,26.18,	0.27%
2017-3-9,184.5,185.5,186.0,184.0,36.1,	0.00%
2017-3-8,187.0,186.0,188.0,185.5,26.14,	-0.79%
2017-3-7,185.5,184.0,185.5,184.0,31.99,	0.00%
2017-3-6,183.5,184.0,184.5,183.5,13.28,	0.26%
2017-3-3,184.0,184.5,185.0,184.0,3.52,	0.00%
2017-3-2,186.0,188.0,188.5,185.0,20.41,	0.26%
2017-3-1,186.0,188.5,188.5,186.0,28.37,	0.00%
2017-2-24,189.0,187.5,190.5,187.5,39.93,	0.80%
2017-2-23,188.5,188.0,189.5,187.0,46.72,	0.00%
2017-2-22,188.5,190.5,191.0,188.5,26.16,	1.08%
2017-2-21,190.0,190.0,190.0,188.5,49.26,	0.82%
2017-2-20,190.0,190.0,190.5,189.5,23.42,	0.27%
2017-2-18,189.5,190.0,190.5,189.5,45.61,	-0.54%
2017-2-17,189.5,190.0,190.5,189.0,23.98,	0.00%
2017-2-16,189.0,190.0,190.5,188.0,29.7,	0.00%
2017-2-15,189.0,187.0,189.5,186.5,30.39,	0.00%
2017-2-14,187.5,189.0,190.0,187.5,153.7,	-0.54%
2017-2-13,187.5,186.5,188.0,186.5,72.01,	0.27%
2017-2-10,185.5,184.5,185.5,184.0,58.3,	2.21%
2017-2-9,184.0,184.0,185.5,183.5,42.32,	0.28%
2017-2-8,183.5,183.5,184.5,183.0,25.94,	-0.28%
2017-2-7,184.5,183.5,185.0,183.0,23.81,	0.00%
2017-2-6,184.5,184.5,185.5,184.0,13.21,	0.84%
2017-2-3,184.5,186.0,186.0,183.5,30.88,	-1.10%
2017-2-2,184.5,188.0,188.5,184.0,53.09,	-1.63%
2017-1-24,185.5,185.0,186.5,184.5,48.6,	1.37%
2017-1-23,185.0,182.5,185.0,182.5,29.75,	-1.09%
2017-1-20,181.0,181.0,181.5,180.5,20.69,	0.00%
2017-1-19,180.5,179.5,181.0,179.5,18.58,	0.00%
2017-1-18,181.0,180.5,181.0,179.5,23.12,	0.27%
2017-1-17,181.0,180.5,181.0,179.5,21.37,	0.27%
2017-1-16,179.5,180.0,180.5,179.0,24.48,	0.00%
2017-1-13,181.5,180.5,182.5,180.5,23.55,	0.83%
2017-1-12,184.5,182.5,185.5,182.5,36.75,	0.83%
2017-1-11,182.0,185.0,185.0,181.5,30.21,	-1.10%
2017-1-10,184.0,184.5,185.5,183.5,21.44,	1.11%
2017-1-9,184.0,184.0,185.0,183.0,8.28,	0.28%
2017-1-6,184.0,184.0,184.5,183.5,5.69,	0.56%
2017-1-5,183.5,182.0,183.5,181.5,24.38,	-0.28%
2017-1-4,183.0,183.0,184.0,181.5,26.51,	-0.56%
2017-1-3,183.0,181.5,183.5,181.0,32.23,	-1.37%
2016-12-30,181.5,181.0,182.5,180.0,24.24,	0.00%
2016-12-29,180.0,180.0,181.5,180.0,20.55,	-1.35%
2016-12-28,182.0,181.0,182.0,180.5,36.27,	-1.07%
2016-12-27,180.0,180.0,180.5,179.5,24.24,	-0.27%
2016-12-26,179.5,179.0,180.0,179.0,16.77,	0.81%
2016-12-23,178.5,179.0,180.0,178.5,23.69,	0.54%
2016-12-22,179.0,180.0,180.5,179.0,18.82,	-0.54%
2016-12-21,180.0,181.0,182.0,180.0,24.89,	0.27%
2016-12-20,182.5,181.0,182.5,180.0,27.28,	2.20%
2016-12-19,182.5,184.0,184.5,182.5,14.53,	-0.27%
2016-12-16,185.0,185.5,187.0,185.0,27.73,	1.68%
2016-12-15,187.0,185.0,187.5,184.5,32.25,	0.56%
2016-12-14,187.5,186.5,187.5,185.5,53.95,	-2.73%
2016-12-13,186.0,186.5,186.5,184.5,13.92,	0.00%
2016-12-12,185.0,186.0,187.0,184.0,54.05,	0.55%
2016-12-9,186.0,186.0,186.0,184.5,26.89,	-1.09%
2016-12-8,185.5,184.0,185.5,183.0,22.36,	1.10%
2016-12-7,181.5,183.0,183.5,181.5,10.23,	-0.55%
2016-12-6,182.0,181.0,183.0,180.5,19.1,	-1.35%
2016-12-5,179.0,178.0,180.0,178.0,23.07,	0.82%
2016-12-2,178.0,179.0,179.5,178.0,31.35,	1.66%
2016-12-1,183.0,182.0,183.0,181.5,15.62,	0.00%
2016-11-30,183.0,181.5,183.0,181.5,23.73,	-0.28%
2016-11-29,182.0,183.5,185.0,182.0,23.26,	0.83%
2016-11-28,184.0,181.5,184.0,181.5,35.29,	0.00%
2016-11-25,182.0,182.5,183.5,182.0,33.53,	-0.28%
2016-11-24,183.0,184.0,185.0,183.0,48.03,	-0.55%
2016-11-23,185.5,184.5,186.5,184.0,67.64,	-2.16%
2016-11-22,184.0,182.0,185.0,181.5,38.87,	1.92%
2016-11-21,181.0,180.5,181.5,180.0,55.58,	-3.45%
2016-11-18,181.0,181.5,181.5,180.0,15.95,	-0.26%
2016-11-17,181.5,182.0,182.5,180.5,21.43,	2.44%
2016-11-16,180.0,180.5,183.0,180.0,15.11,	0.00%
2016-11-15,180.0,179.5,182.0,179.0,25.53,	-0.81%
2016-11-14,180.5,181.0,182.0,180.0,16.53,	-1.85%
2016-11-11,181.5,181.5,183.0,181.0,15.13,	0.53%
2016-11-10,185.5,187.0,188.0,185.5,25.83,	-0.53%
2016-11-9,182.0,190.0,190.5,182.0,33.11,	0.53%
2016-11-8,188.5,190.0,190.0,188.0,26.88,	-1.57%
2016-11-7,189.0,186.5,189.0,186.0,24.89,	-0.78%
2016-11-4,184.5,184.5,186.0,184.0,19.15,	1.05%
2016-11-3,184.5,185.5,186.5,184.5,14.38,	1.33%
2016-11-2,186.0,187.5,188.0,186.0,22.32,	-1.05%
2016-11-1,189.5,188.5,189.5,187.5,15.74,	0.53%
2016-10-31,188.5,189.0,190.5,186.5,38.14,	1.34%
2016-10-28,189.5,189.5,190.0,188.5,40.65,	0.27%
2016-10-27,188.5,191.5,191.5,188.5,37.88,	-0.80%
2016-10-26,191.5,190.5,192.5,190.5,34.34,	-0.27%
2016-10-25,193.0,192.0,193.0,191.0,40.73,	-0.53%
2016-10-24,191.0,191.0,191.0,189.5,24.59,	1.07%
2016-10-21,188.5,191.0,192.0,188.5,31.11,	-0.27%
2016-10-20,190.5,189.5,190.5,189.0,15.87,	0.27%
2016-10-19,189.5,187.5,189.5,187.5,15.72,	0.81%
2016-10-18,187.0,186.5,187.0,185.5,19.14,	-0.53%
2016-10-17,186.5,186.5,187.5,185.0,17.14,	0.54%
2016-10-14,188.0,187.0,189.0,186.5,18.99,	1.92%
2016-10-13,188.5,190.5,191.0,187.0,45.16,	-1.62%
2016-10-12,189.5,186.5,190.0,186.0,57.78,	1.37%
2016-10-11,187.5,191.0,191.0,186.0,25.22,	-2.40%
2016-10-7,188.0,188.0,188.0,186.0,23.14,	1.08%
2016-10-6,187.5,185.0,187.5,185.0,21.21,	0.82%
2016-10-5,186.0,186.0,186.0,184.5,26.26,	0.55%
2016-10-4,187.0,185.0,187.0,185.0,23.65,	0.27%
2016-10-3,186.0,186.0,186.5,184.5,57.3,	5.19%
2016-9-30,182.5,185.5,186.5,182.5,52.97,	-0.86%
2016-9-29,185.5,185.5,187.5,185.5,38.44,	0.00%
2016-9-26,183.0,183.5,185.0,183.0,42.75,	-1.69%
2016-9-23,187.5,185.0,187.5,184.5,15.47,	-0.84%
2016-9-22,185.5,185.0,185.5,183.5,30.64,	-1.91%
2016-9-21,184.0,181.0,184.0,180.5,30.31,	-0.54%
2016-9-20,183.0,182.0,183.5,181.5,50.85,	2.79%
2016-9-19,182.5,179.5,183.0,178.5,29.65,	1.42%
2016-9-14,173.5,174.0,176.0,173.5,27.98,	1.15%
2016-9-13,175.0,176.5,176.5,173.5,19.49,	0.58%
2016-9-12,175.0,177.5,177.5,174.0,26.1,	-1.42%
2016-9-10,178.0,177.0,179.0,176.0,42.46,	0.86%
2016-9-9,179.5,181.0,181.0,179.5,19.75,	-1.13%
2016-9-8,183.0,182.5,184.5,182.5,16.97,	-0.28%
2016-9-7,184.0,180.5,185.0,180.0,15.8,	0.00%
2016-9-6,179.0,177.0,179.0,176.5,23.97,	2.02%
2016-9-5,176.5,176.5,177.5,176.5,12.53,	-0.29%
2016-9-2,174.5,176.5,176.5,174.0,21.47,	0.58%
2016-9-1,173.5,176.0,176.0,173.0,21.82,	-0.86%
2016-8-31,176.0,176.5,177.0,174.5,23.5,	-0.85%
2016-8-30,174.5,176.0,176.5,174.0,27.9,	-0.56%
2016-8-29,176.5,175.0,177.0,174.0,24.17,	0.85%
2016-8-26,177.0,175.0,177.0,175.0,34.28,	-1.96%
2016-8-25,177.0,175.0,177.0,174.5,13.66,	0.85%
2016-8-24,173.5,175.0,175.5,173.5,23.99,	0.57%
2016-8-23,174.0,174.0,175.0,173.5,28.22,	-1.67%
2016-8-22,173.0,173.0,174.0,171.5,19.31,	0.56%
2016-8-19,174.5,177.0,177.5,174.0,16.44,	0.28%
2016-8-18,176.0,176.0,176.5,175.0,16.24,	0.56%
2016-8-17,177.0,177.0,177.5,176.0,25.8,	1.43%
2016-8-16,175.5,178.0,179.0,175.0,14.29,	1.16%
2016-8-15,179.0,178.5,179.0,177.5,21.65,	-1.99%
2016-8-12,177.5,178.5,178.5,177.0,15.37,	-0.56%
2016-8-11,176.5,177.5,178.0,175.5,34.7,	2.61%
2016-8-10,179.5,179.0,179.5,178.0,30.01,	-2.27%
2016-8-9,178.5,178.5,179.5,177.0,31.14,	0.86%
2016-8-8,178.0,178.0,178.0,176.5,36.11,	1.16%
2016-8-5,177.0,175.0,177.5,174.0,32.74,	0.87%
2016-8-4,174.5,173.0,174.5,172.5,27.18,	0.29%
2016-8-3,172.5,172.5,174.0,172.0,29.8,	-0.58%
2016-8-2,176.0,177.5,177.5,175.5,35.22,	1.18%
2016-8-1,177.0,175.0,177.0,174.5,39.08,	-0.29%
2016-7-29,172.5,177.0,177.0,172.5,43.71,	0.59%
2016-7-28,176.5,175.0,176.5,173.0,24.77,	0.00%
2016-7-27,175.0,175.0,176.0,174.5,41.82,	0.30%
2016-7-26,173.0,172.0,173.0,171.5,36.13,	0.30%
2016-7-25,171.5,172.0,173.0,169.0,51.72,	-1.46%
2016-7-22,171.0,172.0,172.0,170.5,42.13,	0.59%
2016-7-21,172.0,171.0,172.0,170.0,53.43,	3.34%
2016-7-20,170.0,170.0,170.5,169.0,24.44,	1.86%
2016-7-19,170.5,170.5,170.5,169.0,35.1,	-1.52%
2016-7-18,169.5,168.0,170.0,168.0,16.42,	-1.20%
2016-7-15,169.5,168.0,169.5,166.5,25.97,	0.00%
2016-7-14,169.0,167.0,170.0,167.0,36.58,	2.15%
2016-7-13,168.5,169.5,170.0,167.0,42.85,	2.20%
2016-7-12,171.0,171.0,171.5,169.5,32.13,	1.27%
2016-7-11,170.0,170.0,170.5,168.5,39.1,	0.96%
2016-7-7,164.5,163.5,165.0,163.0,43.4,	-2.20%
2016-7-6,161.5,163.0,163.0,160.5,86.99,	-3.05%
2016-7-5,164.0,165.0,165.5,164.0,22.59,	-1.20%
2016-7-4,166.0,165.5,166.5,164.5,30.41,	0.30%
2016-7-1,166.0,164.5,166.0,163.5,28.04,	1.53%
2016-6-30,162.5,161.0,163.0,159.5,24.95,	0.00%
2016-6-29,159.0,158.5,160.0,158.0,31.33,	1.56%
2016-6-28,157.0,155.5,157.5,155.0,36.96,	-1.53%
2016-6-27,155.5,154.5,156.0,154.0,29.33,	0.62%
2016-6-24,159.0,164.0,164.0,154.5,27.82,	0.00%
2016-6-23,164.0,165.5,166.0,164.0,54.69,	-2.11%
2016-6-22,166.0,164.5,166.0,163.5,45.59,	2.16%
2016-6-21,165.5,164.0,165.5,163.5,47.57,	0.62%
2016-6-20,163.0,164.5,165.0,163.0,28.9,	0.63%
2016-6-17,163.0,162.5,164.5,162.0,2.63,	-0.31%
2016-6-16,160.5,161.5,162.5,159.5,32.02,	0.94%
2016-6-15,163.0,162.0,163.0,161.0,22.0,	0.00%
2016-6-14,162.0,161.0,163.0,161.0,27.74,	1.60%
2016-6-13,162.0,161.0,162.5,161.0,70.18,	-0.32%
2016-6-8,165.5,164.0,166.0,163.5,38.31,	0.32%
2016-6-7,162.0,161.5,163.5,161.0,26.62,	0.97%
2016-6-6,161.0,161.0,162.0,160.0,18.82,	0.32%
2016-6-4,160.0,160.0,160.0,159.5,35.41,	2.32%
2016-6-3,160.5,159.0,160.5,159.0,25.68,	-1.95%
2016-6-2,159.0,159.0,160.0,158.0,50.17,	3.70%
2016-6-1,159.0,156.0,159.0,156.0,38.05,	1.02%
2016-5-31,156.5,156.5,157.5,155.0,35.19,	0.00%
2016-5-30,157.0,157.0,158.0,155.0,31.11,	0.00%
2016-5-27,156.5,156.0,156.5,154.5,32.72,	1.73%
2016-5-26,155.0,154.5,155.0,153.5,32.24,	0.35%
2016-5-25,154.5,153.5,155.0,152.5,60.71,	-1.37%
2016-5-24,151.0,152.5,153.5,151.0,24.01,	-0.68%
2016-5-23,154.0,150.5,154.5,149.5,45.61,	0.00%
2016-5-20,148.5,147.5,149.5,147.0,39.21,	-0.34%
2016-5-19,147.0,148.0,148.5,145.5,39.78,	-0.34%
2016-5-18,147.0,146.0,147.0,145.0,39.4,	0.34%
2016-5-17,147.0,145.5,147.0,145.0,40.69,	0.34%
2016-5-16,144.5,143.0,145.5,143.0,55.59,	-0.34%
2016-5-13,144.0,145.0,145.5,143.0,68.91,	-1.67%
2016-5-12,146.0,147.0,148.0,146.0,75.96,	-1.96%
2016-5-11,147.0,148.5,149.0,146.5,49.28,	-2.24%
2016-5-10,147.0,147.0,148.0,146.5,36.97,	-0.95%
2016-5-9,147.5,148.5,149.0,146.5,18.54,	0.32%
2016-5-6,148.0,148.5,148.5,147.0,14.67,	0.64%
2016-5-5,147.5,147.5,148.5,146.0,29.24,	-0.32%
2016-5-4,147.0,147.0,149.0,146.5,30.42,	1.95%
2016-5-3,147.5,148.0,148.5,146.5,43.42,	-2.22%
2016-4-29,150.0,151.0,151.0,149.0,27.62,	-0.32%
2016-4-28,153.0,157.5,158.0,153.0,20.88,	-0.94%
2016-4-27,156.5,156.0,157.5,155.5,50.34,	-1.24%
2016-4-26,158.0,156.5,158.5,156.5,31.38,	0.00%
2016-4-25,157.5,156.5,157.5,156.0,40.33,	1.89%
2016-4-22,156.5,155.5,158.0,155.0,14.88,	0.00%
2016-4-21,157.0,156.0,157.0,154.0,23.19,	0.63%
2016-4-20,154.0,157.5,158.0,154.0,42.32,	1.94%
2016-4-19,157.5,160.0,161.0,157.0,35.93,	0.65%
2016-4-18,158.0,158.0,158.5,157.5,63.13,	-3.15%
2016-4-15,159.5,157.0,160.0,156.0,34.54,	-2.16%
2016-4-14,161.5,162.0,162.5,160.0,54.09,	0.31%
2016-4-13,161.5,160.0,162.0,159.5,46.11,	1.57%
2016-4-12,158.5,157.5,159.5,157.5,19.15,	0.00%
2016-4-11,158.5,156.0,159.0,155.5,15.86,	0.63%
2016-4-8,157.5,154.0,158.0,154.0,10.97,	-0.32%
2016-4-7,154.5,155.0,155.0,152.5,25.2,	-0.63%
2016-4-6,153.5,155.5,156.0,153.5,29.44,	0.63%
2016-4-1,158.5,161.0,161.0,157.5,29.3,	-0.94%
2016-3-31,162.0,162.0,163.0,159.0,27.69,	0.31%
2016-3-30,161.5,158.5,162.0,158.5,57.87,	0.63%
2016-3-29,159.0,158.5,159.5,158.0,52.23,	1.60%
2016-3-28,159.0,158.0,159.0,157.0,31.13,	0.97%
2016-3-25,158.0,158.5,159.0,157.0,29.44,	-0.96%
2016-3-24,158.5,158.0,159.0,157.0,32.99,	0.65%
2016-3-23,159.5,158.5,159.5,158.0,31.3,	0.32%
2016-3-22,158.5,159.5,159.5,157.0,31.34,	0.98%
2016-3-21,160.0,160.0,160.0,158.0,24.63,	0.66%
2016-3-18,159.5,158.5,159.5,158.5,40.64,	0.00%
2016-3-17,158.5,159.5,160.0,157.5,24.05,	-0.33%
2016-3-16,156.0,155.5,156.0,154.0,37.79,	-0.97%
2016-3-15,154.5,155.0,156.5,153.0,28.87,	0.65%
2016-3-14,156.0,156.5,157.5,155.5,36.1,	0.66%
2016-3-11,155.0,154.5,155.0,153.0,44.05,	2.01%
2016-3-10,154.5,153.0,154.5,151.5,46.43,	-1.00%
2016-3-9,153.0,152.0,153.0,150.5,25.23,	1.69%
2016-3-8,152.0,151.0,152.0,149.5,22.08,	-1.00%
2016-3-7,152.0,152.5,153.5,151.0,22.5,	-0.99%
2016-3-4,152.5,153.0,153.5,151.5,29.75,	0.00%
2016-3-3,154.0,154.0,154.5,153.0,37.44,	0.00%
2016-3-2,153.0,154.0,154.5,153.0,61.88,	2.03%
2016-3-1,152.0,148.5,152.0,148.5,38.49,	0.34%
2016-2-26,149.0,151.0,151.5,148.0,56.36,	1.72%
2016-2-25,150.5,149.0,151.0,148.5,77.06,	-0.68%
2016-2-24,148.0,149.5,150.5,147.0,71.65,	2.46%
2016-2-23,149.5,150.5,151.0,149.0,25.4,	-1.04%
2016-2-22,151.0,149.5,152.5,149.5,43.83,	1.41%
2016-2-19,151.0,149.0,151.0,149.0,11.87,	-0.70%
2016-2-18,151.0,150.0,151.0,149.5,57.56,	2.14%
2016-2-17,148.0,149.0,149.0,147.0,37.91,	0.36%
2016-2-16,147.5,146.0,148.0,145.5,24.55,	1.45%
2016-2-15,145.0,142.0,146.5,142.0,24.1,	-1.43%
2016-2-3,146.0,145.0,146.0,144.5,27.21,	0.72%
2016-2-2,142.5,144.0,144.5,141.5,33.93,	2.59%
2016-2-1,144.0,144.0,144.0,141.5,31.96,	0.37%
2016-1-30,142.0,142.5,143.0,141.0,44.42,	-2.54%
2016-1-29,143.0,138.5,143.0,138.0,25.0,	0.73%
2016-1-28,140.0,138.0,140.5,138.0,37.01,	0.00%
2016-1-27,139.5,139.0,139.5,138.5,79.65,	4.18%
2016-1-26,137.5,137.5,139.0,137.0,39.5,	-1.50%
2016-1-25,139.5,140.0,140.0,139.0,50.24,	0.38%
2016-1-22,138.5,136.5,138.5,136.0,35.13,	0.00%
2016-1-21,135.0,134.0,136.5,134.0,48.54,	-0.75%
2016-1-20,134.5,137.5,137.5,133.5,52.64,	0.75%
2016-1-19,138.0,137.5,138.0,136.0,63.48,	-1.85%
2016-1-18,137.0,135.0,138.0,134.5,53.87,	-1.81%
2016-1-15,137.0,137.5,138.0,135.5,46.5,	-1.08%
2016-1-14,131.5,130.5,132.0,130.5,43.8,	-2.45%
2016-1-13,133.5,133.5,135.5,133.0,18.68,	0.35%
2016-1-12,133.0,133.0,134.0,131.5,14.71,	0.35%
2016-1-11,133.0,133.0,134.5,130.5,12.97,	-1.05%
2016-1-8,134.0,132.0,135.0,132.0,10.83,	0.35%
2016-1-7,133.0,134.5,135.0,130.5,6.17,	0.70%
2016-1-6,135.5,138.0,138.0,135.0,13.5,	0.35%
2016-1-5,138.0,139.0,140.0,137.0,18.15,	-0.35%
2016-1-4,139.5,142.5,143.5,139.0,17.21,	0.35%
2015-12-31,143.0,142.0,144.0,141.0,26.94,	-0.35%
2015-12-30,142.5,142.5,144.0,142.0,41.62,	-2.07%
2015-12-29,142.0,143.5,144.0,141.5,34.71,	1.05%
2015-12-28,143.5,143.5,144.0,143.0,58.67,	3.99%
2015-12-25,143.0,142.0,143.5,142.0,27.97,	-0.72%
2015-12-24,142.0,143.0,143.5,142.0,37.67,	-0.36%
2015-12-23,141.5,141.0,143.0,140.5,32.03,	-1.06%
2015-12-22,142.0,141.0,142.0,140.5,41.49,	0.36%
2015-12-21,141.5,141.5,142.5,140.5,30.64,	-1.40%
2015-12-18,142.0,143.0,145.0,142.0,34.04,	-0.70%
2015-12-17,145.0,144.5,145.0,143.0,41.1,	2.14%
2015-12-16,143.5,142.0,144.0,141.0,31.78,	-1.40%
2015-12-15,138.0,139.5,140.5,138.0,28.2,	0.00%
2015-12-14,139.0,137.5,139.5,137.5,31.77,	0.00%
2015-12-11,139.5,141.0,142.0,139.0,48.93,	2.52%
2015-12-10,141.0,140.5,141.5,139.0,110.35,	0.00%
2015-12-9,140.5,142.0,142.0,140.5,26.74,	-2.46%
2015-12-8,142.5,143.5,144.0,141.0,32.93,	1.06%
2015-12-7,143.5,142.0,144.5,142.0,34.54,	1.08%
2015-12-4,140.5,141.0,142.5,140.5,23.25,	-1.06%
2015-12-3,142.5,141.5,143.0,141.5,20.54,	0.00%
2015-12-2,142.5,144.0,144.0,142.0,21.65,	0.36%
2015-12-1,142.5,140.5,142.5,138.5,28.72,	2.55%
2015-11-30,139.0,136.5,139.0,136.0,29.46,	-1.08%
2015-11-27,139.0,143.0,143.0,139.0,28.22,	2.59%
2015-11-26,142.5,141.0,142.5,140.0,32.13,	-0.74%
2015-11-25,141.0,139.5,141.0,138.5,22.96,	-1.81%
2015-11-24,139.5,140.0,141.5,139.5,16.49,	0.73%
2015-11-23,141.0,141.0,141.5,140.0,29.46,	-1.43%
2015-11-20,141.0,140.5,141.0,140.0,23.34,	-1.76%
2015-11-19,140.5,138.5,140.5,138.0,24.86,	1.43%
2015-11-18,137.0,139.5,140.0,136.5,51.89,	-1.75%
2015-11-17,138.5,138.0,140.0,137.5,37.83,	-1.38%
2015-11-16,135.0,134.0,135.5,134.0,75.69,	3.58%
2015-11-13,136.0,137.5,139.0,136.0,36.44,	1.45%
2015-11-12,138.5,138.5,139.0,138.0,22.79,	0.73%
2015-11-11,137.5,140.5,140.5,136.5,28.29,	0.00%
2015-11-10,139.5,141.5,141.5,139.0,20.46,	-1.09%
2015-11-9,142.0,141.0,143.0,140.5,22.56,	-0.72%
2015-11-6,140.0,144.0,144.0,139.0,26.56,	-0.71%
2015-11-5,142.5,144.0,144.5,142.5,24.41,	0.00%
2015-11-4,144.5,141.5,144.5,141.0,35.67,	1.82%
2015-11-3,139.5,138.5,140.0,138.0,15.17,	-0.72%
2015-11-2,137.5,138.5,138.5,135.5,20.01,	-0.36%
2015-10-30,136.5,137.0,137.5,136.0,28.8,	0.72%
2015-10-29,136.5,139.0,139.5,136.5,26.17,	0.36%
2015-10-28,138.0,137.0,139.0,137.0,37.19,	-1.79%
2015-10-27,139.0,138.5,140.0,137.5,73.32,	2.56%
2015-10-26,140.0,140.5,140.5,139.0,65.52,	-0.73%
2015-10-23,140.0,140.0,140.5,139.0,37.23,	-0.72%
2015-10-22,137.5,138.0,138.5,137.0,51.62,	1.84%
2015-10-21,138.5,139.5,140.0,137.5,32.05,	0.74%
2015-10-20,139.0,139.0,139.0,137.5,32.54,	1.50%
2015-10-19,138.0,138.5,139.0,137.0,49.93,	0.38%
2015-10-16,137.5,137.0,137.5,136.0,30.9,	0.38%
2015-10-15,140.0,139.0,141.0,139.0,25.25,	-1.12%
2015-10-14,136.5,136.5,137.5,136.0,53.4,	2.69%
2015-10-13,137.5,138.5,138.5,136.0,76.38,	2.36%
2015-10-12,138.5,137.0,139.0,136.5,24.69,	0.00%
2015-10-8,136.0,137.0,137.0,135.0,24.69,	0.00%
2015-10-7,135.0,133.5,135.0,133.0,44.71,	2.01%
2015-10-6,133.0,135.0,135.5,132.5,35.52,	-3.49%
2015-10-5,132.5,133.0,133.5,131.5,18.38,	-0.39%
2015-10-2,132.0,132.5,132.5,131.5,35.27,	-1.52%
2015-10-1,133.5,131.0,134.0,129.5,32.59,	0.38%
2015-9-30,130.0,128.0,131.0,127.0,52.53,	1.16%
2015-9-29,127.0,127.0,127.5,125.0,44.14,	2.78%
2015-9-25,127.0,127.0,127.5,125.0,22.22,	-1.18%
2015-9-24,127.0,127.0,128.0,125.5,25.58,	0.00%
2015-9-23,124.5,127.0,127.5,124.5,24.55,	2.00%
2015-9-22,129.0,130.0,130.0,128.5,34.03,	-3.10%
2015-9-21,129.5,130.0,130.0,128.5,53.97,	4.88%
2015-9-18,131.5,129.5,131.5,129.0,15.11,	0.41%
2015-9-17,131.0,130.5,131.5,130.0,26.15,	-2.00%
2015-9-16,129.5,128.0,130.0,127.5,23.05,	-1.57%
2015-9-15,126.0,127.5,128.0,125.5,24.05,	1.20%
2015-9-14,127.5,128.0,129.0,126.0,37.23,	1.21%
2015-9-11,127.5,125.5,127.5,124.0,42.39,	-3.88%
2015-9-10,125.0,127.0,128.0,125.0,57.09,	3.20%
2015-9-9,129.0,126.5,129.0,126.5,41.88,	0.81%
2015-9-8,123.0,122.5,123.5,122.0,53.55,	1.22%
2015-9-7,122.5,124.5,126.0,122.0,65.9,	-0.81%
2015-9-4,125.0,126.5,127.0,123.5,99.48,	7.39%
2015-9-3,127.0,127.5,127.5,125.0,118.88,	-4.96%
2015-9-2,125.5,123.0,127.0,123.0,67.34,	-3.97%
2015-9-1,124.0,127.5,127.5,124.0,38.77,	0.80%
2015-8-31,129.0,126.0,129.0,123.5,47.21,	-0.79%
2015-8-28,125.0,127.0,127.0,124.5,41.82,	1.61%
2015-8-27,124.0,125.0,125.0,122.0,38.96,	-1.59%
2015-8-26,122.5,121.0,124.5,119.5,40.37,	-1.56%
2015-8-25,123.5,118.0,124.0,117.5,43.7,	-0.39%
2015-8-24,115.0,120.0,121.0,112.5,45.84,	-1.53%
2015-8-21,121.0,123.0,124.5,121.0,65.99,	1.16%
2015-8-20,126.0,124.5,126.0,123.5,65.58,	-3.01%
2015-8-19,125.0,127.5,127.5,124.0,30.59,	-0.75%
2015-8-18,126.0,125.0,126.5,125.0,39.66,	0.00%
2015-8-17,124.0,125.5,125.5,123.0,28.58,	-1.83%
2015-8-14,126.0,128.0,128.5,125.0,27.51,	1.49%
2015-8-13,128.0,129.0,130.0,127.5,33.82,	-3.58%
2015-8-12,128.5,129.5,130.0,127.5,40.48,	0.72%
2015-8-11,130.5,133.5,133.5,130.5,37.09,	2.21%
2015-8-10,129.0,131.0,131.0,125.5,30.5,	1.12%
2015-8-7,133.0,133.0,133.5,131.5,35.78,	0.00%
2015-8-6,134.0,136.0,136.0,132.0,45.08,	-2.19%
2015-8-5,134.0,135.5,135.5,134.0,39.06,	0.74%
2015-8-4,136.5,135.0,136.5,134.5,38.18,	-2.16%
2015-8-3,134.5,138.5,138.5,134.5,27.41,	-1.07%
2015-7-31,139.5,140.5,140.5,137.5,21.86,	1.08%
2015-7-30,138.5,136.0,139.0,136.0,27.91,	-0.71%
2015-7-29,135.5,135.0,136.0,134.5,55.85,	2.56%
2015-7-28,134.0,135.0,136.5,134.0,37.25,	-1.44%
2015-7-27,134.0,135.0,135.5,134.0,23.49,	0.00%
2015-7-24,137.0,138.0,138.0,136.0,27.57,	0.00%
2015-7-23,136.0,137.0,137.5,136.0,35.4,	1.47%
2015-7-22,139.0,139.0,139.5,138.0,53.78,	-1.09%
2015-7-21,140.5,141.0,141.5,139.5,52.07,	-1.78%
2015-7-20,139.0,141.5,142.0,138.5,26.55,	0.00%
2015-7-17,140.0,138.0,140.0,138.0,20.68,	-1.40%
2015-7-16,136.5,140.0,140.0,135.5,17.09,	0.71%
2015-7-15,138.5,139.0,139.5,138.0,24.31,	0.35%
2015-7-14,138.5,139.5,140.5,138.0,33.33,	0.36%
2015-7-13,138.5,137.0,139.5,137.0,45.38,	1.44%
2015-7-9,136.5,134.0,138.0,134.0,53.1,	-5.14%
2015-7-8,138.0,140.5,141.0,138.0,34.17,	-0.34%
2015-7-7,140.5,141.0,142.0,140.5,45.57,	1.03%
2015-7-6,140.5,141.0,141.5,140.5,21.13,	0.35%
2015-7-3,142.5,141.5,142.5,140.0,37.81,	1.76%
2015-7-2,141.5,140.5,142.0,140.5,29.6,	0.00%
2015-7-1,141.0,140.0,142.5,139.0,28.63,	-0.35%
2015-6-30,140.5,139.0,140.5,138.5,31.68,	0.35%
2015-6-29,138.5,140.5,141.0,138.5,28.7,	-0.70%
2015-6-26,146.0,147.0,147.5,145.5,23.78,	-1.04%
2015-6-25,146.5,145.0,147.0,145.0,35.24,	0.70%
2015-6-24,145.0,144.5,145.0,143.5,46.46,	2.87%
2015-6-23,144.5,143.0,145.0,142.5,37.24,	0.36%
2015-6-22,142.0,142.0,143.5,142.0,31.66,	0.36%
2015-6-18,142.0,142.0,143.0,142.0,45.64,	-1.07%
2015-6-17,142.5,143.0,143.5,142.0,42.85,	-0.71%
2015-6-16,142.0,143.0,143.0,141.0,62.31,	-1.40%
2015-6-15,143.0,144.5,144.5,142.5,30.17,	-0.69%
2015-6-12,144.5,144.0,144.5,142.5,33.43,	-0.69%
2015-6-11,143.5,141.0,144.0,141.0,31.65,	-0.68%
2015-6-10,139.5,141.0,141.5,139.5,61.98,	-0.68%
2015-6-9,139.0,138.5,140.0,138.0,36.7,	1.38%
2015-6-8,138.5,139.5,140.0,138.5,24.26,	-1.02%
2015-6-5,140.0,139.5,140.5,139.0,16.07,	-0.68%
2015-6-4,141.0,142.0,142.5,140.0,16.32,	1.37%
2015-6-3,143.0,143.5,144.5,143.0,22.1,	0.00%
2015-6-2,144.0,144.5,144.5,143.5,41.29,	-0.68%
2015-6-1,145.0,145.5,146.0,144.0,26.98,	0.00%
2015-5-29,146.0,147.0,147.5,145.5,26.32,	0.00%
2015-5-28,147.0,147.0,147.5,146.0,26.21,	0.00%
2015-5-27,145.0,145.5,147.0,145.0,24.83,	0.34%
2015-5-26,146.5,148.5,148.5,146.5,39.89,	-1.35%
2015-5-25,147.5,146.5,147.5,145.5,19.44,	0.34%
2015-5-22,145.5,146.0,147.0,145.0,24.96,	-0.67%
2015-5-21,145.5,146.0,146.5,144.5,20.4,	1.37%
2015-5-20,146.5,146.5,147.0,146.0,20.04,	0.00%
2015-5-19,146.5,145.5,147.5,145.0,21.91,	-0.68%
2015-5-18,146.5,147.0,147.0,145.0,18.82,	0.34%
2015-5-15,146.5,147.0,147.0,145.0,27.79,	-0.34%
2015-5-14,146.0,148.0,148.5,146.0,30.87,	0.34%
2015-5-13,148.0,147.5,149.0,147.0,48.98,	-1.01%
2015-5-12,147.5,147.0,148.5,147.0,37.44,	-1.98%
2015-5-11,148.5,149.0,149.0,147.0,43.3,	0.00%
2015-5-8,146.5,146.0,147.5,146.0,58.11,	-0.66%
2015-5-7,146.5,146.0,147.5,146.0,135.46,	3.74%
2015-5-6,147.5,145.5,148.0,145.5,47.85,	2.44%
2015-5-5,147.0,147.5,148.0,146.0,40.63,	0.70%
2015-5-4,147.5,148.5,148.5,146.0,40.89,	-0.35%
2015-4-30,147.0,147.0,148.5,146.5,43.59,	0.35%
2015-4-29,148.5,150.0,151.0,148.0,79.01,	-3.06%
2015-4-28,151.5,153.5,153.5,150.5,55.56,	2.80%
2015-4-27,151.5,153.0,153.0,150.0,71.63,	-0.69%
2015-4-24,152.5,149.0,152.5,148.5,41.7,	-2.04%
2015-4-23,147.0,145.5,147.0,145.0,26.43,	0.00%
2015-4-22,143.5,143.5,145.0,143.0,33.91,	2.80%
2015-4-21,142.5,142.0,143.5,141.5,47.24,	0.00%
2015-4-20,143.0,142.0,144.0,141.5,49.47,	-2.05%
2015-4-17,142.5,143.0,144.0,142.5,34.9,	-0.68%
2015-4-16,147.0,145.0,147.0,144.5,52.17,	2.08%
2015-4-15,143.0,143.5,144.5,141.5,39.06,	-1.03%
2015-4-14,144.0,145.0,145.5,143.5,56.92,	2.11%
2015-4-13,147.0,146.5,147.5,146.0,64.9,	0.00%
2015-4-10,147.0,146.0,147.0,145.0,112.92,	-2.06%
2015-4-9,143.0,144.0,145.5,143.0,162.84,	-3.64%
2015-4-8,143.0,145.5,146.0,143.0,50.14,	-0.33%
2015-4-7,146.0,146.5,147.5,145.0,38.21,	-1.30%
2015-4-2,147.0,145.0,148.0,144.5,26.37,	-0.32%
2015-4-1,144.0,145.0,145.0,143.5,38.59,	0.00%
2015-3-31,145.5,144.0,145.5,143.0,43.51,	0.33%
2015-3-30,142.5,142.5,144.0,142.0,71.22,	3.02%
2015-3-27,142.5,144.0,145.5,142.5,55.77,	2.05%
2015-3-26,145.5,145.5,147.0,144.5,37.46,	-2.01%
2015-3-25,151.0,152.0,152.5,150.5,46.41,	0.68%
2015-3-24,151.5,153.5,153.5,151.5,32.36,	1.37%
2015-3-23,153.5,154.0,154.0,152.5,51.83,	1.39%
2015-3-20,154.0,151.5,154.0,151.5,46.86,	-1.03%
2015-3-19,154.0,152.5,155.0,152.5,67.55,	-2.35%
2015-3-18,153.5,151.0,154.0,150.0,33.21,	-0.67%
2015-3-17,149.0,148.5,150.0,148.5,29.85,	-0.33%
2015-3-16,146.0,149.0,149.5,146.0,32.78,	0.00%
2015-3-13,149.0,148.0,149.5,147.0,29.21,	1.01%
2015-3-12,148.0,147.0,148.5,146.5,41.71,	-1.00%
2015-3-11,146.0,143.5,148.0,143.0,58.41,	-2.59%
2015-3-10,144.0,145.0,145.0,144.0,48.33,	2.32%
2015-3-9,145.5,147.5,147.5,145.0,74.44,	1.68%
2015-3-6,149.0,149.0,149.5,148.5,38.57,	0.00%
2015-3-5,150.0,150.0,151.0,148.5,35.03,	0.34%
2015-3-4,150.5,150.0,151.5,149.0,71.43,	3.86%
2015-3-3,150.5,150.0,151.0,148.5,33.45,	0.35%
2015-3-2,149.0,151.5,153.0,148.5,26.65,	-0.70%
2015-2-26,150.5,153.5,154.0,150.5,28.67,	-1.72%
2015-2-25,154.5,152.5,154.5,152.5,25.33,	-0.34%
2015-2-24,151.0,149.0,152.0,148.5,43.15,	1.04%
2015-2-13,148.5,148.5,150.0,148.0,27.23,	1.40%
2015-2-12,148.5,149.5,149.5,147.5,30.38,	1.06%
2015-2-11,148.0,146.0,149.0,146.0,44.41,	-1.74%
2015-2-10,142.5,142.0,143.0,141.5,36.89,	-2.05%
2015-2-9,142.0,143.0,143.5,141.5,48.37,	-0.34%
2015-2-6,143.0,145.5,145.5,143.0,53.36,	1.38%
2015-2-5,145.5,145.5,146.0,143.5,46.94,	0.00%
2015-2-4,146.0,144.5,146.5,144.0,82.36,	3.57%
2015-2-3,144.5,143.0,144.5,142.0,45.65,	-0.71%
2015-2-2,142.5,140.5,143.0,140.5,77.29,	2.17%
2015-1-30,141.0,145.0,145.5,141.0,33.8,	-0.72%
2015-1-29,143.5,144.0,145.0,143.0,50.18,	1.46%
2015-1-28,146.5,146.5,147.0,145.5,129.04,	4.18%
2015-1-27,147.0,145.5,147.0,144.5,41.0,	1.15%
2015-1-26,145.0,145.5,145.5,143.5,49.45,	-1.89%
2015-1-23,145.0,142.5,145.0,142.5,38.09,	0.38%
2015-1-22,140.0,141.5,142.0,139.5,30.4,	-1.49%
2015-1-21,141.0,139.5,141.0,139.5,61.92,	-2.90%
2015-1-20,138.0,139.0,139.0,137.5,42.55,	2.99%
2015-1-19,139.0,138.5,139.5,137.5,43.89,	0.37%
2015-1-16,137.0,140.0,140.0,136.0,67.65,	-4.30%
2015-1-15,131.5,131.5,133.0,131.5,32.21,	-1.06%
2015-1-14,130.0,132.5,133.0,130.0,18.35,	0.71%
2015-1-13,132.5,131.0,133.0,130.5,23.59,	-0.71%
2015-1-12,132.0,132.5,133.5,132.0,35.08,	1.81%
2015-1-9,134.0,135.0,135.5,133.0,4.82,	-0.36%
2015-1-8,138.0,136.5,138.0,136.0,13.18,	1.09%
2015-1-7,134.0,133.5,135.0,133.5,7.39,	-0.36%
2015-1-6,133.5,137.5,137.5,133.0,16.72,	0.36%
2015-1-5,139.5,140.5,140.5,137.5,19.16,	-0.72%
2014-12-31,141.0,139.0,141.0,139.0,35.0,	0.36%
2014-12-30,140.0,141.0,141.5,139.0,44.59,	4.94%
2014-12-29,141.0,138.0,141.0,138.0,51.9,	0.77%
2014-12-27,138.5,139.0,139.0,137.5,84.67,	-1.88%
2014-12-26,139.0,138.0,139.0,137.0,41.27,	-2.21%
2014-12-25,137.5,137.0,138.0,137.0,45.2,	0.74%
2014-12-24,138.0,136.0,138.0,136.0,31.5,	0.37%
2014-12-23,137.5,139.0,140.0,137.0,41.67,	-1.10%
2014-12-22,138.5,137.5,140.0,137.0,39.85,	-1.45%
2014-12-19,138.0,134.5,138.0,134.0,31.93,	0.00%
2014-12-18,131.5,132.0,133.0,131.0,19.85,	0.36%
2014-12-17,130.5,133.0,133.0,130.0,29.43,	-1.08%
2014-12-16,133.0,134.5,135.5,133.0,28.28,	0.72%
2014-12-15,136.0,134.5,136.5,134.5,40.18,	0.36%
2014-12-12,135.0,135.0,136.0,134.5,54.78,	-1.79%
2014-12-11,134.5,135.0,136.0,134.5,50.12,	-1.06%
2014-12-10,136.0,138.0,139.0,136.0,36.08,	1.07%
2014-12-9,138.0,138.0,139.0,137.5,26.58,	0.72%
2014-12-8,138.0,138.0,138.5,137.0,23.2,	0.00%
2014-12-5,137.5,138.5,139.5,137.0,42.94,	0.36%
2014-12-4,139.0,139.0,140.0,138.5,33.41,	0.00%
2014-12-3,138.0,137.5,139.0,136.5,30.62,	-0.36%
2014-12-2,137.5,139.5,139.5,137.5,44.22,	2.21%
2014-12-1,140.0,139.0,142.0,138.5,71.4,	3.42%
2014-11-28,141.5,139.0,141.5,139.0,43.23,	-1.13%
2014-11-27,140.0,140.0,142.0,140.0,24.77,	-1.48%
2014-11-26,139.0,138.5,139.0,138.0,24.36,	0.75%
2014-11-25,139.0,138.5,140.0,138.5,25.06,	1.52%
2014-11-24,138.5,140.0,140.5,138.0,27.43,	-1.49%
2014-11-21,138.5,139.5,139.5,137.5,20.48,	-0.37%
2014-11-20,139.0,137.5,139.0,137.0,43.17,	2.67%
2014-11-19,136.0,133.0,136.5,132.5,17.39,	-0.76%
2014-11-18,131.5,134.0,134.5,131.0,28.56,	0.00%
2014-11-17,133.0,135.0,135.5,132.5,22.64,	0.00%
2014-11-14,135.0,134.0,135.0,133.5,32.57,	0.76%
2014-11-13,134.0,133.5,134.5,132.5,45.31,	0.38%
2014-11-12,132.0,134.5,134.5,131.5,42.41,	1.56%
2014-11-11,134.0,135.0,135.0,133.0,35.72,	-0.39%
2014-11-10,134.5,132.5,134.5,132.0,34.86,	0.78%
2014-11-7,131.0,131.5,131.5,130.5,35.02,	0.00%
2014-11-6,132.0,132.5,132.5,131.5,25.15,	1.99%
2014-11-5,132.0,131.5,132.0,131.0,42.16,	-1.57%
2014-11-4,132.0,132.0,132.0,131.0,28.09,	-1.16%
2014-11-3,131.0,132.0,132.5,130.5,65.86,	3.20%
2014-10-31,130.5,128.0,130.5,127.5,25.65,	-0.79%
2014-10-30,128.5,128.5,129.0,127.0,38.62,	2.02%
2014-10-29,129.0,129.0,129.5,128.0,92.08,	1.65%
2014-10-28,128.0,129.0,129.5,127.5,46.43,	0.00%
2014-10-27,128.0,126.5,128.0,126.5,50.5,	0.41%
2014-10-24,125.5,127.0,127.5,125.0,31.89,	0.41%
2014-10-23,127.5,128.0,128.5,127.5,77.99,	-3.60%
2014-10-22,129.0,127.5,129.0,127.5,37.12,	2.04%
2014-10-21,125.0,126.0,126.0,124.5,30.94,	-2.00%
2014-10-20,126.0,125.0,126.0,124.5,40.19,	-0.79%
2014-10-17,123.5,125.0,125.5,123.5,39.29,	1.20%
2014-10-16,121.5,121.5,124.0,120.0,52.04,	2.89%
2014-10-15,121.5,121.5,123.0,121.0,30.8,	-0.41%
2014-10-14,121.0,120.0,121.5,119.5,42.58,	1.25%
2014-10-13,120.5,119.0,121.5,118.0,52.03,	-0.41%
2014-10-9,125.0,124.0,125.0,123.5,55.07,	-0.41%
2014-10-8,122.5,123.5,125.0,122.5,25.41,	-0.82%
2014-10-7,125.0,125.0,125.5,123.5,23.84,	-0.81%
2014-10-6,126.0,125.0,126.0,124.0,28.55,	0.41%
2014-10-3,124.5,122.5,125.0,122.0,16.21,	0.41%
2014-10-2,121.0,121.0,122.5,120.5,40.66,	-2.40%
2014-10-1,121.5,120.0,122.0,120.0,30.78,	0.00%
2014-9-30,120.0,120.0,121.0,119.0,14.79,	0.40%
2014-9-29,120.5,122.0,122.0,120.0,24.02,	1.63%
2014-9-26,121.0,121.0,121.5,120.5,19.25,	-0.81%
2014-9-25,122.0,123.0,124.0,121.5,19.64,	0.41%
2014-9-24,123.0,122.0,124.0,122.0,20.3,	-1.60%
2014-9-23,122.5,123.0,123.5,122.0,24.33,	0.00%
2014-9-22,122.0,124.0,124.0,122.0,29.72,	-1.57%
2014-9-19,125.0,125.5,126.0,125.0,24.36,	0.00%
2014-9-18,125.0,124.5,125.0,123.5,20.13,	-0.39%
2014-9-17,124.5,123.5,125.0,123.0,22.11,	-0.39%
2014-9-16,122.5,123.0,123.0,122.0,24.64,	1.59%
2014-9-15,123.5,122.5,123.5,122.0,20.06,	-1.95%
2014-9-12,123.0,124.5,125.0,123.0,37.52,	3.63%
2014-9-11,125.0,126.0,126.0,125.0,28.36,	-0.80%
2014-9-10,125.0,126.0,126.0,124.0,21.76,	-0.40%
2014-9-9,127.0,127.5,127.5,126.5,36.84,	0.80%
2014-9-5,127.0,128.5,128.5,125.5,30.43,	-0.40%
2014-9-4,127.5,128.0,128.0,126.0,21.11,	-0.40%
2014-9-3,128.0,127.0,128.0,125.5,42.78,	0.80%
2014-9-2,126.0,128.0,128.0,125.5,23.09,	-0.80%
2014-9-1,128.5,125.0,128.5,125.0,28.98,	1.21%
2014-8-29,124.0,124.5,125.0,124.0,31.92,	0.81%
2014-8-28,125.0,126.0,126.0,124.5,14.77,	-0.81%
2014-8-27,125.5,125.5,126.0,124.5,19.19,	0.00%
2014-8-26,124.5,125.0,125.5,124.0,32.96,	1.22%
2014-8-25,125.0,125.5,126.0,125.0,39.84,	0.82%
2014-8-22,125.5,124.5,126.0,123.5,32.28,	0.83%
2014-8-21,124.5,126.0,126.0,124.0,42.99,	0.00%
2014-8-20,125.5,125.0,125.5,124.5,35.17,	-0.82%
2014-8-19,124.0,124.0,125.0,123.5,30.08,	0.83%
2014-8-18,123.0,124.0,124.0,122.5,38.04,	0.84%
2014-8-15,124.0,124.5,125.0,123.0,61.54,	-3.24%
2014-8-14,124.0,123.5,124.0,123.0,39.73,	2.92%
2014-8-13,122.5,121.0,123.5,120.5,61.87,	-0.83%
2014-8-12,121.5,121.0,122.0,120.5,44.81,	-2.81%
2014-8-11,120.5,120.0,121.0,119.5,32.43,	0.40%
2014-8-8,120.5,120.5,121.0,119.5,40.75,	2.06%
2014-8-7,121.5,120.5,121.5,119.5,43.51,	-1.22%
2014-8-6,120.5,119.0,121.5,119.0,31.61,	-1.60%
2014-8-5,119.5,122.5,122.5,119.5,66.04,	0.40%
2014-8-4,123.5,120.0,123.5,120.0,53.31,	0.81%
2014-8-1,120.0,120.0,121.0,119.5,58.99,	0.00%
2014-7-31,121.0,124.0,124.0,121.0,97.37,	-0.80%
2014-7-30,124.5,123.5,125.0,123.0,138.67,	-4.60%
2014-7-29,124.0,122.5,124.0,122.0,42.07,	-1.88%
2014-7-28,121.5,122.0,122.5,121.0,37.98,	0.38%
2014-7-25,123.0,124.5,125.0,122.5,46.82,	-2.93%
2014-7-24,125.0,124.5,125.0,124.0,43.51,	1.49%
2014-7-22,124.5,123.5,125.0,122.5,51.13,	0.37%
2014-7-21,123.5,124.0,124.5,122.5,39.34,	-0.37%
2014-7-18,123.5,121.5,124.0,121.5,36.3,	-1.10%
2014-7-17,124.5,125.0,125.5,123.0,32.21,	0.74%
2014-7-16,130.5,133.0,133.5,130.0,44.52,	0.37%
2014-7-15,133.0,133.0,134.0,132.5,41.19,	1.51%
2014-7-14,132.5,134.5,134.5,132.5,51.62,	3.52%
2014-7-11,136.5,136.0,138.0,135.5,33.02,	1.19%
2014-7-10,134.5,134.5,136.0,134.5,38.19,	0.80%
2014-7-9,134.0,133.5,135.0,133.5,44.45,	0.80%
2014-7-8,134.5,135.5,136.0,134.0,33.94,	0.81%
2014-7-7,136.0,134.5,136.0,132.5,31.03,	0.41%
2014-7-4,135.0,133.5,136.0,132.0,36.23,	0.00%
2014-7-3,134.5,131.5,135.0,130.5,25.15,	-1.20%
2014-7-2,132.5,129.5,132.5,129.0,31.59,	-1.19%
2014-7-1,128.0,126.5,128.5,126.0,25.21,	0.40%
2014-6-30,126.5,126.0,127.0,125.0,38.1,	0.40%
2014-6-27,125.5,125.0,126.5,124.0,20.57,	0.81%
2014-6-26,124.5,124.5,125.0,123.5,13.74,	0.81%
2014-6-25,123.5,123.0,124.5,123.0,17.2,	-0.40%
2014-6-24,123.0,123.0,123.5,122.0,22.3,	-1.20%
2014-6-23,123.0,125.0,125.5,123.0,27.99,	0.40%
2014-6-20,124.5,126.5,127.0,124.0,26.66,	1.22%
2014-6-19,126.0,124.5,126.0,124.5,19.73,	0.41%
2014-6-18,125.5,125.0,126.5,124.0,19.28,	-0.41%
2014-6-17,125.0,124.0,125.0,123.0,19.56,	-0.40%
2014-6-16,124.0,122.5,124.0,122.5,33.49,	0.82%
2014-6-13,123.0,123.0,123.5,122.5,40.52,	2.51%
2014-6-12,123.5,124.0,124.0,123.0,69.11,	-2.05%
2014-6-11,125.0,124.0,125.0,123.5,43.08,	-1.61%
2014-6-10,124.5,123.0,124.5,122.5,37.8,	0.40%
2014-6-9,123.0,122.5,123.5,122.5,18.3,	0.41%
2014-6-6,122.5,123.5,123.5,122.0,19.85,	0.82%
2014-6-5,123.0,123.0,123.5,121.5,31.78,	0.00%
2014-6-4,123.5,123.5,124.0,123.0,26.34,	1.24%
2014-6-3,122.5,120.0,122.5,120.0,24.22,	-0.41%
2014-5-30,119.5,122.0,122.5,119.5,25.4,	0.00%
2014-5-29,122.0,123.5,124.0,121.5,20.83,	-0.82%
2014-5-28,124.0,124.0,124.0,122.5,28.68,	0.00%
2014-5-27,123.5,122.5,124.0,122.5,16.81,	0.00%
2014-5-26,123.0,123.0,123.5,122.0,32.9,	1.24%
2014-5-23,122.0,121.0,122.5,121.0,24.05,	1.69%
2014-5-22,122.0,121.5,122.0,121.0,37.05,	-1.25%
2014-5-21,120.5,122.0,122.0,120.5,23.29,	0.42%
2014-5-20,121.0,122.0,122.0,121.0,30.1,	0.84%
2014-5-19,121.0,122.0,122.5,121.0,33.28,	0.42%
2014-5-16,122.0,122.0,123.0,121.0,27.53,	0.85%
2014-5-15,122.0,121.0,122.0,120.5,28.89,	-0.85%
2014-5-14,122.0,121.0,122.0,120.5,45.03,	-0.42%
2014-5-13,120.5,120.0,121.0,119.5,44.12,	-1.66%
2014-5-12,118.5,119.5,120.0,117.5,21.81,	1.26%
2014-5-9,120.0,120.0,120.0,119.0,28.07,	0.42%
2014-5-8,119.5,119.5,120.0,119.0,49.44,	-2.07%
2014-5-7,118.5,118.0,119.0,117.5,25.52,	0.00%
2014-5-6,118.0,117.0,119.0,116.5,34.36,	-0.41%
2014-5-5,117.0,117.5,118.0,116.0,27.03,	0.00%
2014-5-2,118.0,119.0,119.5,117.0,24.16,	-1.22%
2014-4-30,118.5,120.0,120.5,117.0,32.92,	2.50%
2014-4-29,120.5,120.5,121.0,119.0,36.42,	-0.83%
2014-4-28,119.0,118.5,120.0,117.5,51.08,	-1.22%
2014-4-25,118.5,121.0,121.0,118.0,29.4,	1.66%
2014-4-24,121.0,121.0,121.0,120.0,31.05,	0.42%
2014-4-23,121.0,123.0,123.0,120.5,34.85,	0.42%
2014-4-22,121.5,121.0,122.5,120.5,27.22,	0.42%
2014-4-21,121.5,122.0,122.0,121.0,29.65,	0.00%
2014-4-18,123.0,122.5,123.0,121.0,43.89,	1.28%
2014-4-17,120.0,120.5,121.5,119.0,45.25,	-0.84%
2014-4-16,121.0,121.5,122.5,121.0,37.0,	-1.25%
2014-4-15,122.5,121.5,122.5,121.0,43.68,	0.42%
2014-4-14,120.5,120.0,121.0,120.0,40.64,	0.84%
2014-4-11,120.0,118.5,120.0,118.0,47.15,	0.85%
2014-4-10,119.5,119.0,119.5,118.5,43.79,	1.29%
2014-4-9,119.0,119.5,120.0,119.0,31.4,	0.43%
2014-4-8,119.0,117.0,119.5,117.0,45.23,	1.76%
2014-4-7,117.5,117.5,118.0,116.5,38.07,	0.89%
2014-4-3,118.5,118.5,119.0,117.5,29.61,	0.00%
2014-4-2,120.0,120.5,121.0,119.0,60.44,	0.45%
2014-4-1,119.5,119.0,119.5,118.5,46.51,	-2.18%
2014-3-31,118.5,118.0,118.5,116.5,35.24,	0.00%
2014-3-28,117.5,116.0,117.5,115.5,37.52,	0.44%
2014-3-27,116.0,114.5,116.0,114.0,33.91,	-0.87%
2014-3-26,115.5,115.5,116.0,114.5,47.11,	-1.29%
2014-3-25,113.5,111.5,113.5,111.5,59.08,	3.10%
2014-3-24,112.5,111.5,112.5,111.5,18.41,	-0.88%
2014-3-21,112.5,114.0,114.0,112.0,29.18,	0.88%
2014-3-20,112.0,113.0,113.5,112.0,38.43,	-1.31%
2014-3-19,114.5,114.5,115.0,113.5,66.92,	1.33%
2014-3-18,114.5,114.5,115.0,113.5,72.62,	2.73%
2014-3-17,114.0,114.5,115.0,113.0,55.45,	2.33%
2014-3-14,115.0,115.0,115.5,114.0,48.94,	-0.46%
2014-3-13,116.5,116.5,117.5,115.5,62.47,	0.00%
2014-3-12,113.0,112.5,113.0,112.0,49.35,	0.47%
2014-3-11,114.0,113.5,114.5,113.5,34.98,	-0.46%
2014-3-10,113.0,114.5,114.5,112.5,34.35,	0.93%
2014-3-7,114.5,114.0,115.0,113.5,32.06,	-0.47%
2014-3-6,113.0,110.0,113.5,110.0,31.51,	0.94%
2014-3-5,110.0,108.5,110.0,108.5,28.47,	-1.39%
2014-3-4,107.5,108.0,108.0,107.5,28.89,	0.00%
2014-3-3,108.0,108.0,108.0,106.5,22.29,	-0.46%
2014-2-27,108.0,107.5,108.0,107.5,34.37,	0.93%
2014-2-26,107.5,107.5,108.0,107.0,42.74,	2.38%
2014-2-25,108.0,107.5,108.0,106.5,19.63,	0.00%
2014-2-24,107.0,107.5,108.0,106.0,25.31,	0.48%
2014-2-21,107.5,107.0,107.5,107.0,23.52,	1.46%
2014-2-20,106.5,106.5,107.0,106.0,26.24,	-0.96%
2014-2-19,108.0,108.0,108.0,107.0,54.19,	1.96%
2014-2-18,108.0,108.5,108.5,107.5,73.84,	1.49%
2014-2-17,108.5,108.0,108.5,107.5,147.2,	-4.29%
2014-2-14,107.5,106.5,107.5,106.5,65.27,	-2.78%
2014-2-13,105.0,105.0,106.0,105.0,34.06,	0.47%
2014-2-12,105.0,105.0,105.5,104.5,28.31,	0.00%
2014-2-11,104.5,104.5,105.0,104.0,28.73,	0.94%
2014-2-10,103.0,104.0,104.5,103.0,25.12,	-0.93%
2014-2-7,104.0,103.5,104.5,103.0,24.3,	0.00%
2014-2-6,102.0,101.0,103.0,101.0,55.77,	0.47%
2014-2-5,100.5,102.0,102.0,100.5,49.6,	1.90%
2014-1-27,105.0,106.0,106.5,104.0,54.46,	1.45%
2014-1-24,108.0,107.0,108.5,107.0,21.72,	0.49%
2014-1-23,107.5,108.5,108.5,107.5,22.08,	0.98%
2014-1-22,107.5,106.0,107.5,106.0,36.29,	0.99%
2014-1-21,106.5,108.5,108.5,106.0,64.22,	-2.88%
2014-1-20,107.5,107.0,108.5,107.0,30.93,	1.96%
2014-1-17,107.5,108.0,108.5,107.0,18.8,	-0.49%
2014-1-16,107.0,106.0,107.5,106.0,23.73,	0.00%
2014-1-15,105.0,104.0,106.0,104.0,41.16,	-1.91%
2014-1-14,103.5,102.5,103.5,102.0,15.13,	-0.95%
2014-1-13,103.0,103.0,103.5,102.5,24.48,	-0.47%
2014-1-10,102.0,102.0,102.5,101.5,44.28,	1.44%
2014-1-9,101.0,102.5,103.0,100.5,24.14,	0.48%
2014-1-8,104.0,103.0,104.5,102.5,6.79,	0.97%
2014-1-7,102.0,102.5,103.0,102.0,9.79,	0.00%
2014-1-6,102.5,102.0,103.0,102.0,14.08,	-0.96%
2014-1-3,102.5,103.0,103.0,102.0,28.39,	1.96%
2014-1-2,104.5,105.0,105.5,103.5,37.62,	-0.49%
2013-12-31,105.5,105.5,106.0,105.0,27.82,	1.49%
2013-12-30,106.0,104.0,106.0,104.0,66.1,	-2.42%
2013-12-27,104.5,103.5,104.5,103.0,26.23,	1.47%
2013-12-26,104.0,103.0,104.0,103.0,18.77,	-0.49%
2013-12-25,103.0,102.5,103.5,102.5,28.3,	-0.49%
2013-12-24,103.0,104.0,104.0,103.0,18.54,	-1.90%
2013-12-23,104.0,103.0,104.5,103.0,24.61,	0.96%
2013-12-20,102.0,101.5,103.5,101.5,22.94,	-0.95%
2013-12-19,102.5,102.0,103.0,101.5,23.97,	1.94%
2013-12-18,101.0,102.5,103.0,101.0,25.36,	-0.96%
2013-12-17,103.5,103.0,104.5,103.0,25.21,	-0.95%
2013-12-16,102.0,102.5,103.0,102.0,23.63,	0.96%
2013-12-13,102.5,102.5,103.5,102.5,26.81,	-0.48%
2013-12-12,103.0,104.5,104.5,103.0,19.04,	-0.48%
2013-12-11,105.0,103.5,105.0,103.5,34.47,	0.00%
2013-12-10,104.0,104.5,105.0,104.0,23.0,	0.00%
2013-12-9,105.0,104.0,105.0,104.0,22.85,	1.45%
2013-12-6,103.0,103.0,104.5,103.0,47.19,	2.48%
2013-12-5,104.0,105.0,105.0,103.5,30.95,	1.00%
2013-12-4,105.0,103.5,105.5,103.5,57.16,	-0.99%
2013-12-3,104.0,104.0,105.0,103.5,57.0,	-1.94%
2013-12-2,104.5,105.0,105.5,104.0,46.68,	-1.90%
2013-11-29,105.0,104.5,105.0,104.0,34.51,	0.96%
2013-11-28,105.0,105.0,105.5,104.5,25.3,	0.00%
2013-11-27,105.0,105.0,105.5,104.5,19.9,	0.48%
2013-11-26,103.5,102.0,105.0,101.5,29.93,	0.49%
2013-11-25,101.0,101.0,102.5,101.0,26.71,	-1.90%
2013-11-22,100.0,100.0,101.5,100.0,31.99,	0.48%
2013-11-21,101.0,102.0,103.0,100.5,21.49,	-1.42%
2013-11-20,103.0,104.0,104.0,102.5,31.48,	-0.93%
2013-11-19,105.0,104.5,105.5,104.0,15.94,	0.00%
2013-11-18,104.0,104.5,105.0,104.0,17.44,	0.47%
2013-11-15,104.0,103.5,104.5,103.5,21.86,	-2.29%
2013-11-14,103.5,104.0,104.5,103.5,9.64,	-0.46%
2013-11-13,103.0,105.0,105.0,103.0,10.87,	0.00%
2013-11-12,105.0,106.0,106.0,104.5,23.1,	-0.45%
2013-11-11,104.5,105.0,106.0,104.5,16.77,	0.46%
2013-11-8,106.0,105.0,106.5,105.0,21.53,	0.00%
2013-11-7,107.0,107.0,107.5,106.0,21.24,	2.34%
2013-11-6,107.0,106.5,107.5,106.5,37.24,	-2.73%
2013-11-5,106.5,108.5,109.0,106.5,21.57,	-0.90%
2013-11-4,109.0,108.0,109.0,108.0,23.06,	-0.45%
2013-11-1,109.5,110.5,110.5,108.5,39.84,	1.36%
2013-10-31,109.5,108.5,109.5,108.0,41.33,	0.00%
2013-10-30,110.0,109.0,110.0,109.0,60.13,	2.80%
2013-10-29,109.5,108.5,109.5,108.0,28.19,	0.94%
2013-10-28,109.5,108.0,109.5,107.5,19.08,	-0.93%
2013-10-25,107.0,108.5,109.0,106.5,21.68,	1.90%
2013-10-24,110.0,109.0,110.0,108.5,18.8,	-1.41%
2013-10-23,111.0,111.0,111.5,110.0,59.44,	1.43%
2013-10-22,111.5,110.0,111.5,109.5,26.19,	0.00%
2013-10-21,110.0,111.0,111.5,109.5,35.15,	1.94%
2013-10-18,110.0,108.5,110.0,108.5,24.4,	-0.96%
2013-10-17,107.0,107.5,108.0,107.0,21.99,	-0.95%
2013-10-16,106.0,108.0,108.0,106.0,50.84,	1.94%
2013-10-15,107.0,106.5,107.0,106.0,14.71,	1.48%
2013-10-14,105.0,106.5,106.5,105.0,22.93,	1.00%
2013-10-11,106.5,105.0,107.5,105.0,46.22,	-2.43%
2013-10-9,105.0,104.0,105.5,103.0,26.66,	1.48%
2013-10-8,105.0,103.5,105.5,103.0,23.06,	-1.46%
2013-10-7,103.0,103.5,104.0,102.0,35.29,	-1.90%
2013-10-4,104.0,104.5,105.0,103.5,28.68,	-0.47%
2013-10-3,105.0,103.5,106.0,103.0,57.28,	2.43%
2013-10-2,103.0,103.5,103.5,102.0,34.99,	-2.37%
2013-10-1,101.5,100.5,102.5,100.5,25.47,	0.00%
2013-9-30,100.5,100.5,102.0,100.0,40.69,	2.93%
2013-9-27,103.0,103.5,103.5,102.0,5.22,	0.00%
2013-9-26,101.5,103.5,103.5,101.5,23.64,	-0.97%
2013-9-25,103.0,104.5,104.5,103.0,32.87,	-0.96%
2013-9-24,105.0,105.0,105.5,104.0,41.35,	0.00%
2013-9-23,105.5,103.0,106.0,102.5,37.39,	1.46%
2013-9-18,103.0,105.0,105.5,103.0,33.08,	0.98%
2013-9-17,105.5,105.5,105.5,104.5,25.34,	0.49%
2013-9-16,105.5,104.0,105.5,104.0,35.89,	1.00%
2013-9-14,102.5,102.5,103.5,102.0,25.23,	-1.47%
2013-9-13,102.5,102.5,103.0,102.0,33.84,	0.00%
2013-9-12,103.5,103.0,104.5,103.0,30.86,	1.49%
2013-9-11,104.5,103.0,104.5,102.5,38.97,	1.82%
2013-9-10,104.5,103.0,104.5,102.5,52.4,	1.96%
2013-9-9,103.0,102.5,103.0,101.0,35.98,	1.26%
2013-9-6,102.0,102.0,102.0,101.0,24.47,	-1.24%
2013-9-5,101.5,100.5,101.5,100.0,18.7,	-0.21%
2013-9-4,100.5,100.5,101.5,100.0,44.45,	2.65%
2013-9-3,102.0,103.0,103.0,101.5,60.31,	0.11%
2013-9-2,102.0,100.0,102.0,99.6,42.47,	-1.15%
2013-8-30,100.5,99.6,100.5,98.8,52.06,	-1.04%
2013-8-29,98.7,96.9,98.9,96.9,37.7,	0.52%
2013-8-28,96.8,95.6,97.3,95.1,42.69,	-0.83%
2013-8-27,95.6,96.0,96.8,95.6,44.02,	-0.41%
2013-8-26,96.8,97.6,97.6,96.1,34.39,	1.25%
2013-8-23,97.0,95.7,97.3,95.5,33.45,	-0.41%
2013-8-22,94.5,93.0,94.9,92.9,47.19,	0.00%
2013-8-20,94.4,95.2,95.4,94.4,55.87,	-0.62%
2013-8-19,95.5,95.5,96.1,95.3,45.97,	-1.82%
2013-8-16,96.5,95.4,97.5,95.2,42.79,	-1.69%
2013-8-15,96.0,96.4,96.4,95.3,23.37,	0.00%
2013-8-14,96.8,96.0,97.3,95.8,28.04,	0.00%
2013-8-13,97.2,96.0,97.4,96.0,32.51,	-1.95%
2013-8-12,96.0,96.4,96.7,95.6,37.0,	0.49%
2013-8-9,96.4,100.0,100.0,96.4,33.87,	2.00%
2013-8-8,96.4,96.0,97.1,95.3,38.33,	-2.44%
2013-8-7,97.0,98.5,98.5,97.0,31.82,	0.00%
2013-8-6,98.8,100.5,100.5,98.6,37.56,	0.49%
2013-8-5,100.5,100.0,101.5,99.9,58.36,	2.00%
2013-8-2,100.5,102.5,103.0,100.0,85.6,	3.09%
2013-8-1,100.5,102.0,102.0,100.0,88.05,	-1.22%
2013-7-31,102.5,101.5,103.0,101.0,123.33,	-6.92%
2013-7-30,102.0,100.5,102.5,100.5,53.22,	-3.21%
2013-7-29,100.0,100.0,101.5,100.0,40.12,	0.93%
2013-7-26,102.5,103.0,103.0,101.0,35.96,	-1.37%
2013-7-25,102.5,102.0,103.5,101.0,33.37,	-0.45%
2013-7-24,102.0,100.5,103.0,100.0,31.05,	0.46%
2013-7-23,100.0,98.5,101.5,98.5,56.92,	3.30%
2013-7-22,97.0,98.0,98.4,96.9,22.08,	0.00%
2013-7-19,98.2,99.4,99.7,98.2,35.51,	0.95%
2013-7-18,105.5,107.5,108.0,105.5,32.77,	-3.67%
2013-7-17,109.0,108.0,109.0,107.0,28.28,	1.87%
2013-7-16,108.0,108.5,109.0,107.0,24.5,	0.00%
2013-7-15,109.5,108.5,109.5,108.0,44.74,	-2.73%
2013-7-12,110.0,109.5,110.0,108.5,44.98,	1.85%
2013-7-11,109.5,107.5,109.5,107.5,51.94,	-2.70%
2013-7-10,106.0,104.5,107.0,104.5,74.51,	6.22%
2013-7-9,106.0,104.5,106.5,103.5,46.98,	2.96%
2013-7-8,105.0,107.0,108.0,104.5,55.87,	0.50%
2013-7-5,109.0,107.5,109.5,107.0,33.9,	0.00%
2013-7-4,107.0,106.5,107.0,106.0,54.09,	-2.42%
2013-7-3,107.0,107.0,107.0,105.5,39.84,	-0.48%
2013-7-2,110.0,109.0,110.0,108.5,30.0,	-1.42%
2013-7-1,108.0,109.0,109.5,108.0,22.08,	-0.94%
2013-6-28,111.0,106.0,111.0,105.0,31.68,	0.47%
2013-6-27,104.5,103.0,105.0,103.0,23.01,	0.00%
2013-6-26,101.5,103.0,104.0,101.5,41.21,	1.44%
2013-6-25,101.0,101.0,103.0,101.0,61.06,	-3.24%
2013-6-24,101.0,102.5,102.5,100.0,37.16,	-0.46%
2013-6-21,103.5,102.0,103.5,101.5,21.94,	0.00%
2013-6-20,104.0,105.0,105.5,103.5,33.09,	0.93%
2013-6-19,105.5,106.0,106.5,105.0,34.25,	-1.83%
2013-6-18,106.5,105.0,106.5,104.5,25.58,	0.46%
2013-6-17,106.0,105.5,106.0,105.0,27.48,	1.40%
2013-6-14,106.0,105.0,106.0,104.5,35.83,	-1.83%
2013-6-13,104.5,106.0,107.0,104.0,37.21,	-0.45%
2013-6-11,108.0,110.0,110.0,108.0,36.12,	-0.90%
2013-6-10,108.5,110.0,110.0,108.0,16.78,	1.37%
2013-6-7,108.5,108.0,109.5,108.0,22.76,	-2.23%
2013-6-6,107.5,108.5,109.5,107.0,19.16,	2.28%
2013-6-5,109.5,109.5,110.5,108.5,26.74,	1.39%
2013-6-4,109.0,109.0,110.0,107.5,46.87,	-3.57%
2013-6-3,107.5,108.0,108.5,106.5,34.07,	-0.44%
2013-5-31,109.5,111.5,111.5,109.0,17.24,	-1.32%
2013-5-30,110.0,111.0,111.5,109.5,16.88,	0.44%
2013-5-29,111.0,110.5,112.0,110.5,19.32,	0.00%
2013-5-28,109.5,112.0,112.5,109.5,45.77,	-1.30%
2013-5-27,112.0,109.5,112.0,109.5,29.11,	-0.43%
2013-5-24,109.5,109.5,110.5,108.5,27.86,	0.87%
2013-5-23,108.0,110.5,111.5,108.0,18.26,	0.00%
2013-5-22,112.0,112.5,113.5,111.0,27.54,	-0.43%
2013-5-21,112.5,113.0,113.5,112.0,27.61,	0.44%
2013-5-20,114.0,112.5,114.0,112.5,42.51,	1.78%
2013-5-17,113.5,112.0,113.5,111.5,22.45,	0.90%
2013-5-16,113.5,115.0,116.0,113.0,19.39,	1.36%
2013-5-15,115.0,115.0,116.0,113.5,36.62,	-0.45%
2013-5-14,115.5,115.5,116.5,115.0,38.8,	0.91%
2013-5-13,114.5,115.0,115.5,114.0,34.61,	1.39%
2013-5-10,114.5,115.0,115.0,113.5,21.09,	-0.46%
2013-5-9,115.0,116.0,116.0,114.5,36.78,	1.40%
2013-5-8,114.5,112.5,115.0,112.5,26.29,	0.94%
2013-5-7,112.5,112.0,113.0,111.0,35.5,	0.00%
2013-5-6,111.5,111.5,111.5,110.5,46.15,	-2.30%
2013-5-3,110.0,111.5,112.5,110.0,72.5,	1.88%
2013-5-2,110.5,110.0,111.0,109.0,66.95,	6.61%
2013-4-30,109.5,108.5,109.5,108.5,33.08,	-0.10%
2013-4-29,108.0,108.5,108.5,107.5,35.9,	-0.50%
2013-4-26,108.5,107.0,109.0,107.0,35.92,	1.11%
2013-4-25,107.0,106.0,107.0,105.5,23.44,	-1.09%
2013-4-24,106.0,106.5,107.0,104.5,19.57,	-0.99%
2013-4-23,106.0,106.5,107.5,105.5,57.87,	3.26%
2013-4-22,108.5,108.5,109.5,107.5,36.75,	0.82%
2013-4-19,106.5,105.5,106.5,105.5,41.32,	-1.02%
2013-4-18,99.9,100.0,101.0,99.4,58.37,	-1.99%
2013-4-17,100.0,101.5,101.5,99.7,27.1,	0.00%
2013-4-16,100.5,98.2,101.0,98.2,22.33,	-0.50%
2013-4-15,99.4,100.5,101.0,99.1,16.37,	0.50%
2013-4-12,100.5,101.5,101.5,100.0,19.0,	0.50%
2013-4-11,101.5,99.0,101.5,98.8,29.56,	-0.50%
2013-4-10,98.3,98.8,98.8,97.7,29.97,	1.52%
2013-4-9,97.5,98.0,98.5,97.5,27.22,	-0.50%
2013-4-8,98.5,99.0,99.5,98.5,25.47,	1.53%
2013-4-3,100.5,101.5,101.5,100.0,44.94,	-0.71%
2013-4-2,100.5,100.5,101.0,99.8,58.47,	-0.10%
2013-4-1,101.0,101.0,102.0,100.5,64.02,	-1.20%
2013-3-29,100.5,100.0,101.0,99.8,50.77,	-0.50%
2013-3-28,100.0,100.0,100.5,99.3,44.19,	-2.43%
2013-3-27,100.5,99.0,100.5,98.8,35.63,	-0.96%
2013-3-26,99.0,99.2,99.4,98.8,33.07,	-0.48%
2013-3-25,99.5,99.9,100.5,99.2,57.96,	1.95%
2013-3-22,98.0,98.6,99.1,98.0,30.06,	0.49%
2013-3-21,98.7,98.8,100.5,98.7,36.09,	-1.45%
2013-3-20,98.8,99.5,99.5,98.8,46.04,	0.49%
2013-3-19,100.0,101.0,101.5,99.6,20.78,	-0.96%
2013-3-18,100.5,102.0,102.0,100.5,38.03,	0.00%
2013-3-15,103.0,105.0,105.0,103.0,56.21,	1.96%
2013-3-14,104.0,104.0,104.5,103.0,55.27,	-2.86%
2013-3-13,104.5,102.5,105.0,102.0,35.08,	0.48%
2013-3-12,102.5,102.0,103.0,101.5,81.36,	0.97%
2013-3-11,102.0,102.0,104.0,102.0,38.5,	-1.43%
2013-3-8,103.5,103.0,104.5,102.0,37.22,	-1.87%
2013-3-7,103.0,103.5,104.0,103.0,10.17,	1.42%
2013-3-6,104.0,104.0,104.5,103.0,39.58,	-1.40%
2013-3-5,104.0,103.5,104.0,102.5,30.55,	-1.83%
2013-3-4,102.0,104.5,104.5,101.5,41.92,	1.87%
2013-3-1,105.0,103.0,105.0,102.5,22.1,	0.00%
2013-2-27,104.5,102.0,104.5,101.0,64.35,	1.90%
2013-2-26,103.5,103.5,105.0,102.5,32.33,	1.94%
2013-2-25,105.0,106.5,107.0,105.0,17.9,	0.00%
2013-2-23,107.0,106.5,107.5,106.0,35.26,	1.48%
2013-2-22,105.5,106.0,106.5,105.0,23.21,	0.00%
2013-2-21,107.0,108.5,108.5,107.0,42.49,	0.00%
2013-2-20,109.0,108.5,109.5,108.0,28.86,	0.50%
2013-2-19,107.0,108.5,108.5,106.5,36.06,	1.71%
2013-2-18,107.0,107.0,108.5,106.5,29.19,	0.30%
2013-2-6,105.0,103.5,105.0,103.0,48.67,	-0.90%
2013-2-5,103.0,103.0,103.0,101.5,40.65,	-1.09%
2013-2-4,103.0,102.0,103.0,102.0,30.82,	0.00%
2013-2-1,101.5,101.5,101.5,100.5,21.95,	0.50%
2013-1-31,101.5,100.5,101.5,100.0,17.31,	-0.99%
2013-1-30,101.5,102.0,102.0,100.5,49.87,	2.22%
2013-1-29,101.0,100.0,101.5,99.7,40.53,	0.10%
2013-1-28,99.3,98.7,99.5,98.6,35.5,	-1.29%
2013-1-25,99.0,99.9,99.9,98.0,36.02,	-1.47%
2013-1-24,99.9,100.0,100.5,99.2,23.58,	0.99%
2013-1-23,101.0,101.5,101.5,100.0,22.99,	0.00%
2013-1-22,101.0,101.0,101.0,99.9,41.23,	1.00%
2013-1-21,100.5,101.0,101.0,100.0,26.42,	0.30%
2013-1-18,101.5,101.5,101.5,100.5,31.22,	-0.80%
2013-1-17,99.3,100.5,101.0,98.5,42.33,	-0.99%
2013-1-16,99.2,100.5,100.5,99.2,39.5,	0.50%
2013-1-15,100.5,102.0,102.0,99.8,44.34,	1.41%
2013-1-14,102.0,101.0,102.0,100.0,40.65,	2.68%
